4,-0.0382354,-0.999163,0.0145529,-0.989544,0.133916,0.0535567,-0.906753,-0.420207,-0.0349922,-0.843045,-0.535837,-0.0464112,0.994861,0.0385967,0.0936033,0.914338,-0.403875,0.0294926,0.850854,-0.522507,0.0550819
3,0.00833703,-0.997818,0.0655019,-0.930797,0.350572,0.103515,-0.876778,-0.471239,-0.0958874,-0.816796,-0.562362,-0.128815,0.926261,0.372989,0.0540367,0.901488,-0.432799,-0.00181,0.804269,-0.594178,-0.0101881
8,0.0213984,-0.898439,-0.438576,-0.887597,0.0182604,-0.460259,-0.51984,-0.478033,-0.707991,-0.314957,-0.600506,-0.73498,0.952246,-0.125084,-0.278534,0.664161,-0.523519,-0.533684,0.510448,-0.639403,-0.574984
3,-0.106313,-0.993709,-0.035217,-0.999259,-0.0354246,-0.0150529,-0.83503,-0.531643,-0.141707,-0.727898,-0.665627,-0.164636,0.982731,-0.180998,0.0384582,0.824332,-0.565518,-0.0258188,0.73889,-0.673492,-0.0212258
5,0.0343351,-0.977395,0.208617,-0.882359,-0.468807,-0.0407674,-0.249055,-0.963744,-0.0957548,-0.127214,-0.985618,-0.111235,0.852359,-0.519244,0.0622047,0.236667,-0.970451,-0.0470572,0.121172,-0.991011,-0.0566971
2,-0.104872,-0.989732,0.0971173,-0.678497,-0.733506,0.0401308,-0.31723,-0.948338,-0.0044058,-0.198451,-0.980101,-0.00438868,0.702963,-0.710861,0.0227859,0.331772,-0.943044,0.024391,0.262246,-0.96438,0.0346231
3,-0.0415716,-0.995819,0.0813454,-0.894717,0.434255,0.104424,-0.893258,-0.426401,-0.142383,-0.844339,-0.503574,-0.183042,0.891892,0.424766,0.155252,0.932562,-0.351741,0.0812804,0.866271,-0.494429,0.0715148
9,0.0502849,-0.99826,-0.0307974,-0.219976,-0.96451,-0.146048,0.125166,-0.987546,-0.0953225,0.198497,-0.976135,-0.0880878,0.387022,-0.921673,-0.0270816,0.0984735,-0.994483,-0.0361398,0.0402573,-0.999052,-0.0165459
3,0.079627,-0.996742,0.0128677,-0.938699,0.303123,0.164197,-0.893271,-0.448603,-0.0286871,-0.797707,-0.596791,-0.0866225,0.920229,0.383528,0.0780088,0.906626,-0.419464,0.0456093,0.836022,-0.546689,0.0468985
2,-0.0476258,-0.99779,-0.0463259,-0.810713,-0.565276,0.152337,-0.547582,-0.830636,0.100985,-0.454128,-0.886749,0.0862758,0.732943,-0.675959,0.0766459,0.508676,-0.856439,0.0880938,0.437141,-0.893568,0.102194
1,0.0249478,-0.998647,0.0456361,-0.993423,-0.114204,-0.00826879,-0.749475,-0.652965,-0.109198,-0.535472,-0.837116,-0.111838,0.980946,-0.192228,0.0281518,0.740282,-0.672075,-0.0172603,0.612106,-0.790728,-0.00869915
2,0.136796,-0.989775,-0.0403993,-0.689852,-0.721289,0.0620162,-0.422421,-0.905991,0.0272072,-0.329427,-0.943961,0.020379,0.666552,-0.744773,0.0319734,0.45456,-0.890148,0.0318113,0.382463,-0.922326,0.0551002
4,-0.0421543,-0.998905,0.0202883,-0.982509,0.1748,0.0641996,-0.964364,-0.259416,-0.052005,-0.918957,-0.38862,-0.0670279,0.99455,0.0692624,0.0779276,0.929341,-0.368916,0.0150561,0.886725,-0.46123,0.0313777
4,-0.0271397,-0.995284,0.0931261,-0.996341,-0.0211121,0.0828237,-0.948471,-0.31647,-0.0158258,-0.924718,-0.379645,-0.0276775,0.976338,-0.159794,0.145705,0.924586,-0.36753,0.10031,0.901347,-0.41925,0.108644
2,-0.00959555,-0.997605,-0.0685003,-0.670477,-0.741453,-0.0266023,-0.304105,-0.951209,-0.052174,-0.178805,-0.982595,-0.0503627,0.6868,-0.726178,-0.0311685,0.373604,-0.926556,-0.0437509,0.259888,-0.965013,-0.0347666
1,0.0490241,-0.998222,0.0338964,-0.995981,-0.0830963,0.0334071,-0.774524,-0.62774,-0.0778211,-0.644128,-0.759861,-0.0878067,0.983599,-0.179525,0.0174257,0.746846,-0.664851,-0.0139284,0.625636,-0.780112,-0.00208574
5,0.057813,-0.975844,0.210678,-0.918999,-0.38845,-0.0674332,-0.30236,-0.939926,-0.158485,-0.1456,-0.97451,-0.17068,0.877131,-0.479717,0.0226647,0.268568,-0.960767,-0.0692668,0.114071,-0.990827,-0.0724482
3,-0.104961,-0.993806,-0.0365063,-0.999418,-0.0322007,-0.0112568,-0.833167,-0.534896,-0.140422,-0.72167,-0.673058,-0.161819,0.981712,-0.184994,0.0449319,0.817756,-0.575131,-0.0223507,0.820388,-0.57141,-0.0213053
4,-0.0396387,-0.999131,0.0128724,-0.983514,0.177423,0.0349359,-0.912989,-0.404866,-0.0503472,-0.8561,-0.512926,-0.0632365,0.992744,0.0861507,0.0838917,0.91796,-0.396018,0.0227702,0.864101,-0.501357,0.0444024
5,-0.0607121,-0.975615,0.210925,-0.873075,-0.478923,-0.0915054,-0.241694,-0.959075,-0.147507,-0.125099,-0.978863,-0.161791,0.872496,-0.487737,0.0293853,0.263173,-0.96264,-0.063748,0.0977191,-0.992635,-0.0716055
4,0.018965,-0.997666,-0.0655972,-0.990765,-0.055095,0.123892,-0.884959,-0.465272,-0.0192503,-0.822627,-0.566252,-0.0514123,0.985936,-0.150712,0.0722185,0.890116,-0.45573,0.00199992,0.831196,-0.555976,-0.00173014
4,-0.144228,-0.988699,0.0408886,-0.996377,0.049165,0.0693891,-0.985191,-0.171405,0.00427887,-0.948717,-0.31486,-0.0282663,0.977954,-0.0119603,0.208476,0.977599,-0.12121,0.172072,0.963567,-0.20551,0.171183
3,0.101156,-0.993863,0.0447616,-0.931687,0.319667,0.172548,-0.914792,-0.401036,-0.0482328,-0.78117,-0.611883,-0.123987,0.898196,0.426978,0.104567,0.889265,-0.45404,0.0552743,0.757904,-0.651038,0.0415941
2,-0.0108834,-0.99753,-0.0693983,-0.67139,-0.740584,-0.0277661,-0.305669,-0.950672,-0.0528084,-0.180273,-0.982286,-0.0511475,0.687181,-0.725737,-0.0329874,0.374252,-0.92622,-0.0453031,0.260578,-0.964778,-0.0360861
1,-0.0571239,-0.998346,-0.00654259,-0.985689,-0.168275,-0.010055,-0.676647,-0.722723,-0.140786,-0.417789,-0.896236,-0.149042,0.976142,-0.216997,0.0076977,0.778579,-0.626892,-0.0286477,0.681085,-0.731847,-0.0228865
2,0.137681,-0.985239,0.101724,-0.701408,-0.71191,0.0347959,-0.383593,-0.923474,0.00720416,-0.27043,-0.962688,0.00997802,0.587767,-0.808974,0.00960085,0.227995,-0.973487,0.0184888,0.138594,-0.989802,0.0329129
1,0.00930779,-0.999087,0.0416998,-0.993383,-0.112302,-0.0240403,-0.74477,-0.65659,-0.119192,-0.565415,-0.81649,-0.116834,0.979625,-0.197498,0.0364641,0.743586,-0.668573,-0.00943983,0.615111,-0.788436,-0.00268779
4,0.0164241,-0.995692,0.0912531,-0.995064,0.0191771,0.0973624,-0.985671,-0.166299,0.0282492,-0.9551,-0.296277,0.00192353,0.979756,-0.135767,0.147126,0.952209,-0.28527,0.109173,0.925468,-0.361941,0.111839
2,0.124438,-0.992128,-0.0140168,-0.817402,-0.552282,0.163825,-0.553103,-0.825818,0.110005,-0.461803,-0.881901,0.0948121,0.707866,-0.704808,0.0466044,0.472994,-0.879206,0.0572247,0.394736,-0.915687,0.075504
2,0.0393475,-0.994093,0.10115,-0.885862,-0.441402,0.142873,-0.498449,-0.866786,0.015167,-0.461723,-0.88696,-0.0106977,0.937787,-0.317631,0.140238,0.781376,-0.611116,0.126449,0.751627,-0.648528,0.120287
1,0.119388,-0.992848,0.000309056,-0.988385,-0.144651,0.0466002,-0.751553,-0.656635,-0.0632345,-0.651193,-0.755879,-0.0677831,0.984416,-0.175578,0.00989134,0.762763,-0.646557,-0.0125059,0.644107,-0.764936,0.000608808
3,-0.107689,-0.993617,-0.0335942,-0.999317,-0.034633,-0.0129133,-0.833536,-0.533874,-0.142113,-0.723667,-0.669959,-0.165713,0.983068,-0.179667,0.0360259,0.8224,-0.568042,-0.0314105,0.737025,-0.675387,-0.0254325
1,0.0228648,-0.999115,0.0353039,-0.994334,-0.0875686,0.0602701,-0.785204,-0.61609,-0.0623536,-0.666268,-0.740701,-0.0863027,0.981992,-0.18783,0.0203062,0.737236,-0.675614,-0.00535198,0.607478,-0.794319,0.00523406
9,0.00351022,-0.999937,-0.0106255,-0.368901,-0.922693,-0.112029,-0.00357226,-0.997442,-0.0713971,0.112173,-0.992505,-0.0484818,0.429759,-0.902827,-0.0144905,0.141713,-0.989866,-0.009121,0.0855784,-0.996262,0.0117479
2,0.0251999,-0.999294,0.0278801,-0.892999,-0.450055,-0.00188333,-0.514176,-0.848946,-0.122123,-0.358063,-0.92365,-0.136608,0.952063,-0.302662,0.044402,0.707721,-0.70615,-0.0219953,0.577735,-0.815849,-0.0247596
4,-0.0895262,-0.995969,0.00547605,-0.996163,0.0375148,0.079064,-0.905323,-0.42214,-0.0467724,-0.850356,-0.52185,-0.0675908,0.987516,-0.0779301,0.136894,0.902938,-0.423551,0.0728482,0.845051,-0.53013,0.0696489
2,-0.0357696,-0.991998,0.121082,-0.893511,-0.446756,-0.0452369,-0.476031,-0.876223,-0.0750185,-0.337281,-0.938399,-0.0751649,0.874797,-0.483486,0.0311765,0.57428,-0.81839,-0.0210084,0.419458,-0.907741,-0.00785464
4,0.0887285,-0.99435,-0.0582724,-0.989747,-0.0260946,0.14043,-0.903745,-0.428061,-0.00302322,-0.848643,-0.527874,-0.033964,0.985656,-0.162906,0.0441008,0.872378,-0.488125,-0.0262789,0.80557,-0.591793,-0.0289575
3,-0.0426732,-0.998905,0.0191937,-0.938752,0.305471,0.159473,-0.88849,-0.457366,-0.0374453,-0.80959,-0.581796,-0.0779606,0.915863,0.391203,0.0903085,0.909584,-0.412185,0.0525446,0.842974,-0.535161,0.0547521
4,-0.0392407,-0.999052,0.0188377,-0.994994,0.074669,0.0664136,-0.93543,-0.352983,-0.0193393,-0.893649,-0.447762,-0.0300108,0.994822,-0.0178412,0.100058,0.92837,-0.369252,0.0422118,0.878614,-0.473562,0.0614582
9,0.0246253,-0.999626,0.0119087,-0.270032,-0.95497,-0.122944,0.0533432,-0.994436,-0.0908368,0.146625,-0.987061,-0.0648938,0.417187,-0.908712,-0.0140298,0.0977102,-0.995142,-0.0120869,0.0544814,-0.998494,0.00646038
1,0.0598931,-0.994769,-0.0827542,-0.993109,-0.1155,-0.0198367,-0.776708,-0.619296,-0.114878,-0.630818,-0.765924,-0.124212,0.982006,-0.187265,0.0244261,0.761843,-0.647422,-0.0209628,0.637257,-0.770245,-0.0250179
3,0.00689784,-0.997645,0.0682368,-0.931284,0.349059,0.104248,-0.87713,-0.470824,-0.0946968,-0.810518,-0.571255,-0.129335,0.925435,0.375086,0.0536661,0.901979,-0.43178,-0.000378391,0.804814,-0.593448,-0.00963861
3,-0.129685,-0.991258,0.0242762,-0.945537,0.28216,0.162311,-0.851937,-0.519952,-0.0620828,-0.713516,-0.690241,-0.120257,0.893512,0.435548,0.109244,0.907797,-0.411108,0.0830312,0.825897,-0.556245,0.092114
2,0.164394,-0.986152,-0.021878,-0.642867,-0.765202,0.0344662,-0.357355,-0.933958,0.00444338,-0.263655,-0.964606,0.00464656,0.598512,-0.801111,0.00229672,0.385424,-0.922739,0.000734884,0.287882,-0.957506,0.0174862
4,-0.115604,-0.985971,0.120407,-0.998935,0.0150093,0.043639,-0.93458,-0.351619,-0.0540772,-0.901684,-0.427456,-0.0651704,0.983457,-0.0892208,0.157646,0.962809,-0.251605,0.0984582,0.935522,-0.339999,0.0959151
4,-0.00638819,-0.997051,0.0764755,-0.996586,-0.0585596,0.0582038,-0.856325,-0.512051,-0.0671677,-0.769651,-0.630289,-0.10185,0.977785,-0.142582,0.153646,0.839504,-0.540986,0.0506727,0.751256,-0.659284,0.0309664
1,0.137377,-0.989929,-0.0341683,-0.991437,-0.125736,0.0352526,-0.771513,-0.629204,-0.0941824,-0.559106,-0.82015,-0.12147,0.97624,-0.216027,-0.0169674,0.702801,-0.706605,-0.0823395,0.57564,-0.814135,-0.0763061
3,0.164351,-0.985685,0.0376154,-0.863481,0.440044,0.246499,-0.96137,-0.274386,0.0218982,-0.845627,-0.532476,-0.037219,0.856554,0.513558,0.0507324,0.944801,-0.326277,-0.029911,0.850593,-0.524941,-0.0304672
2,-0.116404,-0.993143,0.0108187,-0.747688,-0.663884,0.0148785,-0.459875,-0.88796,0.00639408,-0.356966,-0.934039,0.0121327,0.72956,-0.6836,0.0208332,0.516513,-0.855429,0.0381398,0.445349,-0.893663,0.0550552
4,0.0161399,-0.999524,0.0262771,-0.999832,0.0174185,-0.00565952,-0.871783,-0.474448,-0.122039,-0.771742,-0.620474,-0.139377,0.996021,0.0619697,0.0640433,0.958189,-0.285924,0.0110244,0.897702,-0.440122,0.0205698
2,-0.104141,-0.991883,0.072958,-0.604009,-0.79639,-0.0305772,-0.22422,-0.973408,-0.0469291,-0.107991,-0.99351,-0.0357312,0.667259,-0.743561,0.0433815,0.280587,-0.959097,0.0374713,0.203411,-0.978021,0.0458223
3,0.109232,-0.993991,0.00702514,-0.938238,0.30899,0.155673,-0.891847,-0.450897,-0.0360717,-0.792621,-0.600298,-0.106749,0.920843,0.381903,0.0787335,0.904375,-0.423572,0.0518786,0.829778,-0.555577,0.0529471
5,0.0132527,-0.980125,0.197939,-0.885625,-0.458309,-0.0749734,-0.222388,-0.966339,-0.129355,-0.117637,-0.983677,-0.136166,0.825089,-0.562536,0.0527289,0.188491,-0.981078,-0.0442312,0.0272552,-0.998768,-0.0414644
1,-0.00583899,-0.996901,-0.0784541,-0.991915,-0.117516,-0.0479045,-0.772884,-0.620591,-0.132352,-0.63008,-0.764253,-0.137539,0.981769,-0.188544,0.0240828,0.809108,-0.587498,0.0137932,0.717308,-0.696379,0.022926
2,0.185477,-0.971209,0.149501,-0.85164,-0.508763,0.125972,-0.600792,-0.795044,0.083391,-0.505462,-0.85932,0.0779577,0.724808,-0.688805,0.0141743,0.483864,-0.874664,0.0289519,0.386759,-0.92127,0.0409749
2,-0.0299759,-0.997487,0.064191,-0.909493,-0.403405,-0.100428,-0.500349,-0.855026,-0.136315,-0.374433,-0.917551,-0.13379,0.892888,-0.450034,-0.0148509,0.6078,-0.789772,-0.0827045,0.415328,-0.907808,-0.0581992
3,0.0893625,-0.993993,-0.0631906,-0.886891,0.426299,0.178028,-0.933075,-0.355866,-0.0522429,-0.830202,-0.549005,-0.0967391,0.851198,0.511445,0.117839,0.938864,-0.342664,0.0334021,0.87493,-0.480915,0.0567388
3,-0.105858,-0.993751,-0.0354031,-0.999332,-0.0335666,-0.0144713,-0.835209,-0.531307,-0.141912,-0.728323,-0.665152,-0.164677,0.982624,-0.181407,0.0392727,0.824579,-0.565199,-0.0248751,0.711871,-0.702139,-0.0155052
5,0.0927525,-0.995681,-0.00399652,-0.8586,0.0427116,-0.510864,-0.380517,-0.759894,-0.527037,-0.123612,-0.87081,-0.475825,0.941741,0.213383,-0.259984,0.653672,-0.694834,-0.299863,0.493704,-0.836277,-0.238532
8,-0.0418444,-0.750782,-0.659223,-0.87385,0.220956,-0.433088,-0.339565,-0.164371,-0.926109,-0.298721,-0.193184,-0.934583,0.960159,0.0699942,-0.270548,0.581101,-0.243574,-0.776527,0.506083,-0.285348,-0.813915
4,-0.0221737,-0.999713,-0.00912355,-0.98384,0.148649,0.0998157,-0.99888,-0.0435444,0.0184972,-0.999534,-0.0303595,-0.00326246,0.986229,0.0371189,0.161164,0.981048,-0.156422,0.114358,0.97049,-0.214653,0.109879
4,-0.0384318,-0.999256,0.00308752,-0.988825,0.0835953,0.123438,-0.934531,-0.355872,-0.00271995,-0.903207,-0.42861,-0.0226119,0.993893,-0.0633767,0.0903341,0.94637,-0.318747,0.0527729,0.903123,-0.425931,0.0543238
6,-0.0605278,-0.996233,-0.0620955,-0.875951,-0.0953078,0.472892,-0.812774,-0.465883,0.349786,-0.76194,-0.573535,0.30084,0.879838,-0.119793,0.459929,0.83227,-0.390647,0.393346,0.790424,-0.482622,0.377234
1,0.026899,-0.997608,0.0636815,-0.979151,-0.17301,-0.106446,-0.724238,-0.661982,-0.193025,-0.619558,-0.758841,-0.20077,0.968168,-0.248524,-0.0297904,0.759119,-0.647718,-0.0648064,0.665371,-0.744521,-0.0545015
2,-0.00862711,-0.99785,-0.0649763,-0.672598,-0.73978,-0.0183786,-0.323323,-0.945596,-0.0362029,-0.202999,-0.978592,-0.033895,0.686439,-0.726679,-0.0271735,0.380391,-0.924188,-0.0343432,0.278976,-0.960141,-0.0173784
3,0.13045,-0.99116,0.0241859,-0.935795,0.276713,0.218443,-0.89357,-0.44888,-0.00627315,-0.796024,-0.601244,-0.0696525,0.859885,0.506968,0.059844,0.892243,-0.450232,-0.0345461,0.769936,-0.637052,-0.0369299
5,0.0338577,-0.978959,0.201228,-0.867164,-0.494855,-0.0560746,-0.221476,-0.969092,-0.108672,-0.11848,-0.985852,-0.118565,0.835846,-0.546157,0.0554421,0.203386,-0.97795,-0.0474237,-0.0199947,-0.99895,-0.0412179
7,0.0722384,-0.997001,-0.0277593,-0.886293,-0.213968,-0.410734,-0.541216,-0.734664,-0.40909,-0.363512,-0.864842,-0.346276,0.964161,-0.134035,-0.228972,0.69863,-0.661173,-0.273435,0.443752,-0.873837,-0.198731
3,-0.170218,-0.978943,0.112677,-0.928625,0.356606,0.10241,-0.92315,-0.353295,-0.151578,-0.799985,-0.568746,-0.191186,0.878917,0.451881,0.152669,0.943069,-0.320735,0.0880312,0.883393,-0.460586,0.0864719
4,-0.0425257,-0.998891,0.0202187,-0.987918,0.138239,0.0700594,-0.951371,-0.305515,-0.0394167,-0.906975,-0.417565,-0.0551072,0.996232,0.0168192,0.0850806,0.918202,-0.395483,0.0223122,0.873463,-0.485515,0.0365769
4,0.0153187,-0.999532,0.0264646,-0.999626,0.0270045,-0.00442722,-0.875997,-0.466862,-0.121114,-0.77797,-0.612829,-0.138577,0.997065,0.050127,0.0578612,0.955002,-0.296333,0.0125302,0.887485,-0.460474,0.0182693
9,0.00709245,-0.99887,-0.0469962,-0.515638,-0.854245,-0.0661959,-0.22308,-0.967299,-0.120695,-0.131362,-0.98588,-0.103844,0.592442,-0.805608,0.00291929,0.397131,-0.917463,-0.0234236,0.3562,-0.934347,-0.0108531
6,-0.0287395,-0.998062,-0.0551887,-0.866818,-0.161651,0.471695,-0.755716,-0.568296,0.325473,-0.674065,-0.688768,0.266899,0.897864,-0.123171,0.422692,0.770207,-0.534599,0.34783,0.718165,-0.612032,0.331142
3,-0.105223,-0.993779,-0.0364838,-0.999394,-0.0329403,-0.0112642,-0.832579,-0.535957,-0.139868,-0.720388,-0.674551,-0.161314,0.981572,-0.185583,0.045556,0.816618,-0.576757,-0.0220628,0.816215,-0.577337,-0.0217672
1,0.0703715,-0.996211,-0.051094,-0.990235,-0.131393,0.0465934,-0.73956,-0.666756,-0.0921264,-0.599023,-0.792918,-0.111589,0.981026,-0.192914,0.0193125,0.755574,-0.654516,-0.026775,0.64001,-0.768069,-0.0213871
3,0.170386,-0.984411,0.0436334,-0.912641,0.355922,0.201014,-0.89991,-0.435651,-0.0192266,-0.785454,-0.613898,-0.0786887,0.889727,0.454064,0.04704,0.934631,-0.355346,-0.0139015,0.808406,-0.588593,-0.00619092
7,0.0692643,-0.996424,-0.0483914,-0.817955,-0.220947,-0.531162,-0.467653,-0.734239,-0.492131,-0.296218,-0.861484,-0.412433,0.90321,-0.186958,-0.386341,0.592678,-0.707223,-0.385446,0.385977,-0.875438,-0.290912
4,-0.0507027,-0.996448,0.0672362,-0.994293,0.0422026,0.0979789,-0.989416,-0.141785,0.0308847,-0.95506,-0.296407,-0.00169447,0.983284,-0.0583286,0.172481,0.968002,-0.213446,0.13196,0.949978,-0.282204,0.133801
1,0.0493586,-0.995999,-0.0744907,-0.99543,-0.0954537,0.00293657,-0.748239,-0.651531,-0.125082,-0.58818,-0.794477,-0.151162,0.981157,-0.18359,0.0602132,0.758318,-0.651803,0.0103045,0.640432,-0.767955,0.00955762
1,0.0358892,-0.998607,0.0386681,-0.995859,-0.0878821,0.0232873,-0.769089,-0.633352,-0.0858322,-0.635999,-0.766054,-0.09309,0.983384,-0.180215,0.021885,0.747118,-0.664571,-0.0126745,0.625795,-0.779986,-0.00134696
1,0.0464219,-0.998768,-0.0175483,-0.984143,-0.175101,-0.0283212,-0.742975,-0.651435,-0.15369,-0.635077,-0.753531,-0.169907,0.97695,-0.212351,0.0217952,0.741292,-0.670735,-0.0244996,0.606389,-0.794696,-0.0273974
5,0.0159756,-0.988597,0.149735,-0.897803,-0.419564,-0.133848,-0.303077,-0.923074,-0.236808,-0.110817,-0.959009,-0.260808,0.90252,-0.429607,0.0299244,0.375258,-0.923864,-0.075213,0.158125,-0.982972,-0.0936127
1,0.0572167,-0.997813,0.0330913,-0.992718,-0.11427,0.0381298,-0.76347,-0.641322,-0.0762806,-0.647478,-0.754683,-0.105953,0.984227,-0.176526,0.0116108,0.745804,-0.665931,-0.0176729,0.61982,-0.784684,-0.00963814
1,0.0895697,-0.995689,0.0240793,-0.987971,-0.144658,0.0546598,-0.756905,-0.651207,-0.0549904,-0.531006,-0.844207,-0.0731301,0.983201,-0.182498,0.00334594,0.740093,-0.672426,-0.0102709,0.606157,-0.795338,0.00330355
4,0.206349,-0.978467,0.00465911,-0.981604,0.108263,0.157267,-0.995411,-0.0562249,0.0774349,-0.989701,-0.13576,0.0454038,0.995317,-0.0758458,0.0599311,0.968631,-0.24782,0.0184298,0.946237,-0.322805,0.0207821
4,0.00178708,-0.999069,0.0431021,-0.981278,0.117988,0.152222,-0.996872,-0.0753485,0.0238352,-0.987519,-0.157277,-0.00840441,0.986936,-0.0418023,0.155594,0.963806,-0.242714,0.110313,0.949442,-0.295938,0.104791
5,0.00630217,-0.996074,0.0882985,-0.932683,-0.269594,-0.239627,-0.330571,-0.887219,-0.321814,-0.141294,-0.937089,-0.319218,0.982126,-0.18528,-0.0331571,0.503485,-0.851143,-0.148518,0.291872,-0.943703,-0.155675
5,0.132267,-0.990228,0.0441959,-0.910915,-0.0740842,-0.405888,-0.360229,-0.826761,-0.432089,-0.162583,-0.903015,-0.397655,0.95747,0.121966,-0.261487,0.596151,-0.750459,-0.285334,0.403887,-0.879863,-0.250433
1,0.000821334,-0.999053,0.0435032,-0.989438,-0.0894177,0.114089,-0.774054,-0.632459,0.0289205,-0.617987,-0.785438,0.0343481,0.984552,-0.139973,0.105191,0.785135,-0.610108,0.10645,0.675911,-0.727303,0.119055
2,0.0209936,-0.999549,0.0214697,-0.898895,-0.438098,-0.00761945,-0.52385,-0.842468,-0.125812,-0.364108,-0.921036,-0.138264,0.956175,-0.289803,0.0417645,0.715498,-0.69818,-0.0246295,0.588097,-0.808384,-0.0256433
4,0.0877169,-0.996145,0.000191513,-0.980937,0.106697,0.162416,-0.978628,-0.197176,0.0583933,-0.941576,-0.336478,0.0147318,0.995929,-0.070721,0.0558962,0.96755,-0.252105,0.0170635,0.946713,-0.321461,0.0199183
7,-0.0402546,-0.998646,0.0329594,-0.533675,-0.224759,-0.815275,-0.244315,-0.708026,-0.662578,-0.127092,-0.83327,-0.538061,0.623333,-0.262586,-0.736549,0.299139,-0.734291,-0.609371,0.166154,-0.850116,-0.499696
2,0.19106,-0.970834,0.144837,-0.844735,-0.512918,0.152769,-0.580166,-0.808715,0.0968862,-0.481449,-0.872373,0.0846857,0.705196,-0.708986,-0.00606416,0.416526,-0.909108,0.00540068,0.307776,-0.951201,0.0221563
1,-0.059529,-0.998193,-0.00815101,-0.983552,-0.178521,-0.0275018,-0.690072,-0.707651,-0.15176,-0.595533,-0.787363,-0.159374,0.976531,-0.214256,0.0219408,0.785139,-0.619146,-0.0146386,0.683774,-0.729598,-0.0118331
1,0.00938892,-0.999896,-0.0109341,-0.988828,-0.147426,0.0220349,-0.71153,-0.693298,-0.114297,-0.453248,-0.881512,-0.1323,0.975571,-0.219268,-0.0135342,0.748194,-0.660874,-0.0587485,0.648642,-0.759635,-0.047097
2,0.0403697,-0.994211,0.0995723,-0.888936,-0.43494,0.143594,-0.502486,-0.864474,0.0138698,-0.459194,-0.888287,-0.00936513,0.940136,-0.309537,0.142586,0.783669,-0.607918,0.127661,0.757012,-0.642192,0.120505
3,-0.141777,-0.983512,0.112268,-0.947323,0.287757,0.140624,-0.867351,-0.479149,-0.134607,-0.749652,-0.643862,-0.153181,0.864676,0.487349,0.121761,0.934476,-0.351846,0.0544014,0.860689,-0.506476,0.0519323
3,0.0449407,-0.998958,0.00798022,-0.941772,0.309122,0.132326,-0.884763,-0.462893,-0.0540802,-0.789963,-0.599739,-0.127559,0.920605,0.381222,0.0845926,0.902436,-0.425653,0.0665451,0.824774,-0.561296,0.0685115
7,-0.0501047,-0.998549,0.0197539,-0.414631,-0.266953,-0.869952,-0.169609,-0.716162,-0.677012,-0.0801105,-0.835984,-0.542876,0.482845,-0.337627,-0.808003,0.125179,-0.864638,-0.486551,0.0506258,-0.918693,-0.391713
4,0.0892159,-0.995386,0.0353286,-0.985386,0.0410266,0.165319,-0.936723,-0.343147,0.0692796,-0.898766,-0.436478,0.0413164,0.972913,-0.15623,0.17039,0.885991,-0.451838,0.104223,0.831998,-0.545157,0.102873
5,-0.0221895,-0.985589,0.167696,-0.888147,-0.444354,-0.11724,-0.242119,-0.94646,-0.213524,-0.105176,-0.970425,-0.217287,0.888218,-0.458334,0.0316146,0.251818,-0.957935,-0.137655,0.111744,-0.983742,-0.140585
2,-0.111817,-0.987768,-0.108683,-0.70326,-0.708538,0.058297,-0.440963,-0.897316,0.0194113,-0.343404,-0.939139,0.00954443,0.744915,-0.655837,0.122391,0.544545,-0.83114,0.112594,0.478762,-0.869511,0.121402
3,-0.126167,-0.990541,0.0539462,-0.939404,0.331736,0.0864326,-0.872545,-0.477494,-0.103274,-0.743885,-0.655353,-0.130947,0.927733,0.366891,0.0685762,0.91657,-0.399228,0.0227138,0.867788,-0.496314,0.0248149
4,0.0179325,-0.999499,0.0260803,-0.999938,0.00959007,-0.0056701,-0.847527,-0.515822,-0.125006,-0.721617,-0.67594,-0.149583,0.988523,0.132475,0.0726146,0.899722,-0.436395,0.00772758,0.829996,-0.557677,0.0101993
4,0.0165858,-0.999539,0.0254227,-0.999502,0.0315006,-0.00172904,-0.879289,-0.460835,-0.120342,-0.783233,-0.606084,-0.138596,0.997537,0.0439269,0.0546784,0.88875,-0.45808,0.0169139,0.820424,-0.571712,0.00703858
4,-0.0416213,-0.998938,0.0197544,-0.995622,0.0592103,0.0723277,-0.923439,-0.383563,-0.0118465,-0.87809,-0.477803,-0.0257218,0.99364,-0.0520721,0.0998413,0.902624,-0.42866,0.0389872,0.840954,-0.538199,0.0560135
5,-0.116608,-0.978805,0.168357,-0.774676,-0.63174,0.027974,-0.212974,-0.974014,-0.0770682,-0.0888343,-0.992125,-0.0882957,0.657383,-0.752728,0.0353364,0.0715146,-0.995831,-0.0566184,-0.0611892,-0.994814,-0.0812447
2,-0.0378075,-0.997678,-0.0566513,-0.567622,-0.821091,-0.0601126,-0.201942,-0.978066,-0.0510473,-0.0833969,-0.995915,-0.0346079,0.624306,-0.780465,0.0333953,0.404101,-0.914709,-0.00325779,0.290478,-0.956773,0.0144525
4,0.0341893,-0.999408,-0.00394158,-0.990525,0.0597286,0.123663,-0.936823,-0.349545,0.0134474,-0.896043,-0.443748,-0.0139424,0.984374,-0.0752658,0.159196,0.911987,-0.401076,0.0861221,0.866762,-0.492436,0.0789323
5,-0.0121988,-0.989144,0.146441,-0.895364,-0.420566,-0.146452,-0.271055,-0.924382,-0.268416,-0.0940203,-0.9609,-0.260446,0.887422,-0.46006,0.0287398,0.25346,-0.959402,-0.123717,0.121606,-0.980836,-0.152224
2,-0.119169,-0.991321,-0.0555062,-0.692634,-0.720055,0.0421819,-0.425269,-0.904967,0.013418,-0.323168,-0.946267,0.0118807,0.756006,-0.636366,0.153278,0.554229,-0.820436,0.140408,0.483401,-0.862769,0.148165
3,-0.1088,-0.993571,-0.0312931,-0.999283,-0.0357493,-0.0124868,-0.833389,-0.534108,-0.142097,-0.721528,-0.672113,-0.166317,0.983353,-0.178204,0.0354923,0.821142,-0.569551,-0.0365562,0.735415,-0.676992,-0.0290814
5,-0.125169,-0.978834,0.161913,-0.786796,-0.617126,0.0103237,-0.186928,-0.979025,-0.0810444,-0.0951363,-0.99175,-0.0859164,0.825379,-0.56458,-7.97911e-05,0.258634,-0.963901,-0.063278,0.0639856,-0.995802,-0.0654601
2,-0.0721779,-0.99184,0.105088,-0.61575,-0.787738,0.0179355,-0.268603,-0.96308,0.0181195,-0.13966,-0.989909,0.0239676,0.594317,-0.804192,0.0078394,0.325993,-0.944971,0.0275391,0.224504,-0.973545,0.0425171
4,0.0174994,-0.999541,0.0247469,-0.999528,0.0307225,0.000248165,-0.879608,-0.460353,-0.119854,-0.783162,-0.606194,-0.138517,0.997959,0.0362719,0.0525583,0.89563,-0.444611,0.0129751,0.826357,-0.563033,0.0113322
5,0.0896703,-0.992846,-0.0788454,-0.977645,0.030667,-0.208012,-0.614155,-0.725812,-0.309855,-0.430835,-0.839341,-0.331494,0.91368,0.14124,-0.381103,0.545259,-0.730738,-0.410749,0.383185,-0.854355,-0.351067
4,-0.164001,-0.985958,0.03148,-0.996363,0.062412,0.0580137,-0.986802,-0.161877,-0.00420045,-0.963378,-0.26686,-0.0262485,0.972843,0.0063994,0.231377,0.976912,-0.11032,0.182956,0.965059,-0.18477,0.185798
3,-0.105895,-0.993713,-0.0363513,-0.999318,-0.0353529,-0.0106666,-0.831967,-0.537384,-0.138023,-0.721756,-0.673482,-0.159656,0.981404,-0.185782,0.0482712,0.822257,-0.568962,-0.0132257,0.721415,-0.692489,-0.00439171
5,-0.0112483,-0.981731,0.189939,-0.901256,-0.425143,-0.0836128,-0.315214,-0.933195,-0.172588,-0.13404,-0.967398,-0.214883,0.918604,-0.38981,0.0649276,0.426767,-0.903313,-0.0435412,0.234122,-0.969684,-0.0699973
5,0.0382107,-0.977516,0.207372,-0.88052,-0.47214,-0.0420472,-0.243283,-0.964985,-0.0980661,-0.124108,-0.985828,-0.112878,0.852916,-0.518606,0.0598482,0.233661,-0.971046,-0.0497262,0.122674,-0.990766,-0.0577436
4,0.0172838,-0.999508,0.0261891,-0.999905,0.0126172,-0.00556479,-0.860794,-0.493726,-0.123563,-0.740935,-0.655592,-0.145647,0.995637,0.0672308,0.0647116,0.902328,-0.430833,0.0136975,0.836466,-0.547759,0.0168929
4,-0.0398395,-0.999022,0.0191645,-0.99545,0.0664325,0.0683078,-0.930344,-0.366349,-0.0157739,-0.885776,-0.463321,-0.0271002,0.994544,-0.0278389,0.100534,0.914795,-0.401712,0.0421767,0.856297,-0.513063,0.0593435
4,0.0284517,-0.99658,0.07758,-0.996273,0.0039656,0.0861658,-0.927432,-0.370465,-0.0512441,-0.886822,-0.455732,-0.0765192,0.985851,-0.149592,0.0756272,0.873219,-0.487321,0.00248412,0.808771,-0.5881,-0.00524486
3,0.00758798,-0.999944,0.00739733,-0.843754,0.481622,0.236894,-0.968517,-0.24847,0.0154047,-0.856663,-0.514496,-0.0377031,0.831513,0.552802,0.054725,0.965906,-0.256957,-0.0315968,0.889479,-0.455994,-0.0299383
2,0.0906219,-0.994663,0.0493208,-0.689276,-0.722599,0.0524404,-0.401224,-0.915065,0.040925,-0.307215,-0.950767,0.0407579,0.634359,-0.772816,0.0185621,0.412494,-0.910145,0.0385447,0.319526,-0.945776,0.0584115
5,0.183527,-0.980535,-0.0697815,-0.855688,-0.0884941,-0.50987,-0.264331,-0.786554,-0.558087,-0.113591,-0.838583,-0.5328,0.986679,0.0302255,-0.159849,0.609174,-0.724714,-0.322019,0.454239,-0.836198,-0.30731
8,-0.0964603,-0.732507,-0.673891,-0.86832,0.260993,-0.421785,-0.370798,-0.103669,-0.922909,-0.300245,-0.139754,-0.943569,0.953705,0.0903216,-0.28686,0.570753,-0.205892,-0.79489,0.501809,-0.247066,-0.828943
8,0.0472294,-0.792982,-0.607411,-0.864714,0.138523,-0.482784,-0.481137,-0.24412,-0.84197,-0.28708,-0.369535,-0.883758,0.95175,-0.00486321,-0.306837,0.631631,-0.366945,-0.682931,0.494105,-0.449423,-0.74423
3,0.0976105,-0.991184,0.0895915,-0.914754,0.368173,0.166354,-0.906024,-0.423225,-0.000895442,-0.806777,-0.588405,-0.0537743,0.932777,0.358391,0.0385032,0.9152,-0.40081,0.0419699,0.86992,-0.490897,0.0475258
8,0.030339,-0.954266,-0.297417,-0.86652,-0.160045,-0.472787,-0.514268,-0.588633,-0.62373,-0.346026,-0.693308,-0.632132,0.957658,-0.150448,-0.245471,0.691393,-0.575135,-0.437259,0.517299,-0.719852,-0.462834
3,0.127025,-0.991033,0.0414597,-0.890868,0.41599,0.182499,-0.90648,-0.420549,-0.0378504,-0.786401,-0.610407,-0.0947489,0.889279,0.452003,0.0698325,0.932125,-0.362009,0.00962036,0.812643,-0.582639,0.0119541
3,-0.105063,-0.993805,-0.0362389,-0.999501,-0.0296028,-0.0110197,-0.834781,-0.53201,-0.141793,-0.726451,-0.667436,-0.163703,0.982213,-0.182987,0.0421093,0.82301,-0.567545,-0.023381,0.744584,-0.667024,-0.0259637
3,-0.014935,-0.99802,0.0611051,-0.932082,0.347766,0.101401,-0.876476,-0.471628,-0.0967244,-0.809468,-0.573617,-0.125398,0.926708,0.37171,0.0551705,0.907799,-0.419403,0.00152583,0.847163,-0.531297,0.00620171
5,0.00164036,-0.978574,0.20589,-0.892372,-0.444309,-0.0791262,-0.256953,-0.956095,-0.140917,-0.12546,-0.979716,-0.156257,0.859735,-0.50985,0.0301554,0.226328,-0.972602,-0.0531078,0.101643,-0.993155,-0.0575512
4,0.0518641,-0.989855,0.13228,-0.98297,-0.023604,0.182243,-0.914028,-0.401775,0.0559377,-0.863565,-0.503722,0.0228037,0.967415,-0.204697,0.149024,0.855877,-0.509832,0.086867,0.793915,-0.602275,0.0834436
1,0.0454735,-0.998283,0.0369175,-0.993247,-0.0975986,0.0627327,-0.780121,-0.622929,-0.0580572,-0.674696,-0.733876,-0.0788086,0.982267,-0.186917,0.0146366,0.736324,-0.676594,-0.00686986,0.604779,-0.796378,0.00491858
2,-0.0171584,-0.997326,-0.0710424,-0.675931,-0.736278,-0.0317965,-0.316234,-0.94695,-0.0572948,-0.189893,-0.980242,-0.0553706,0.690224,-0.722743,-0.0351271,0.378694,-0.924344,-0.0466822,0.264606,-0.963673,-0.0362912
2,-0.131776,-0.988111,0.079187,-0.624155,-0.781212,-0.0117237,-0.244427,-0.968971,-0.0367416,-0.12853,-0.991305,-0.0281913,0.703584,-0.709649,0.0369917,0.3134,-0.948985,0.0347522,0.252062,-0.966798,0.0420176
2,0.0234616,-0.999428,0.0243668,-0.896549,-0.442906,-0.00588288,-0.519557,-0.845201,-0.125281,-0.361289,-0.922158,-0.138182,0.954498,-0.295082,0.043117,0.712505,-0.701277,-0.0233897,0.584134,-0.811276,-0.0248535
4,0.015393,-0.999533,0.0263809,-0.999702,0.0238946,-0.00508274,-0.874219,-0.4701,-0.121437,-0.775235,-0.616255,-0.13871,0.996787,0.05322,0.0598541,0.963202,-0.268545,0.0111995,0.898014,-0.439504,0.0201732
4,-0.0924426,-0.986875,0.132411,-0.983966,-0.0468034,0.172106,-0.89721,-0.439378,0.0442863,-0.831874,-0.554865,0.0105294,0.965241,-0.206097,0.16073,0.849202,-0.519067,0.0970888,0.772487,-0.62841,0.0914586
7,0.0849562,-0.996335,-0.0099936,-0.853016,-0.277437,-0.442033,-0.488125,-0.780469,-0.390642,-0.302979,-0.899254,-0.315509,0.951733,-0.13499,-0.275649,0.688938,-0.668193,-0.28086,0.537779,-0.813245,-0.22232
1,-0.0124452,-0.999764,-0.0178174,-0.983956,-0.174761,-0.0358913,-0.711545,-0.681589,-0.170707,-0.515025,-0.836227,-0.188342,0.977237,-0.209965,0.0303824,0.76603,-0.642527,-0.0189195,0.669926,-0.742193,-0.0187052
5,0.0429694,-0.977885,0.20468,-0.875232,-0.481438,-0.0467566,-0.233544,-0.966883,-0.102931,-0.121022,-0.98591,-0.115476,0.85176,-0.520727,0.057865,0.228784,-0.972151,-0.0507977,0.10918,-0.992625,-0.0526738
4,-0.0381206,-0.999119,0.0175727,-0.992364,0.103639,0.0668774,-0.915636,-0.401286,-0.0240745,-0.869162,-0.493036,-0.0383776,0.995057,-0.0111575,0.0986782,0.916183,-0.398687,0.0407161,0.863339,-0.500867,0.061464
1,0.0701924,-0.997532,0.00193784,-0.974417,-0.222772,0.0297328,-0.691238,-0.716592,-0.0931998,-0.438126,-0.89271,-0.105428,0.957359,-0.28876,0.00900998,0.671795,-0.739533,-0.0422195,0.541416,-0.839892,-0.0380716
5,0.0347957,-0.979398,0.198918,-0.908235,-0.412051,-0.0729581,-0.241179,-0.96088,-0.136167,-0.121538,-0.981995,-0.14462,0.828665,-0.557808,0.0465208,0.190028,-0.980751,-0.0449082,0.089459,-0.99502,-0.0439605
4,0.0555813,-0.996433,-0.063503,-0.989852,-0.0379557,0.136943,-0.894422,-0.447164,-0.00726609,-0.836393,-0.546728,-0.0391776,0.985794,-0.160031,0.0509947,0.880184,-0.474318,-0.0172815,0.819362,-0.572957,-0.0191245
4,-0.0386857,-0.99908,0.0184985,-0.994412,0.0834295,0.0646793,-0.936476,-0.350022,-0.0223118,-0.897846,-0.439045,-0.0333317,0.994939,-0.0139761,0.0995085,0.939915,-0.339038,0.0401621,0.890729,-0.450157,0.0629353
5,0.0561071,-0.973253,0.222779,-0.932552,-0.354614,-0.0677953,-0.30206,-0.940312,-0.156759,-0.14168,-0.975566,-0.167921,0.877512,-0.478939,0.0242924,0.272331,-0.959665,-0.0698514,0.118701,-0.990058,-0.075461
1,0.0544986,-0.99791,0.0347115,-0.990444,-0.125769,0.0565888,-0.762297,-0.644653,-0.0576726,-0.637036,-0.766812,-0.0786449,0.982793,-0.184456,0.00971591,0.737912,-0.674852,-0.00777865,0.604838,-0.796334,0.00493629
5,0.0573009,-0.977998,0.200589,-0.918602,-0.390134,-0.0629736,-0.261374,-0.955487,-0.136855,-0.126402,-0.980494,-0.150514,0.843283,-0.536294,0.0355411,0.203967,-0.97776,-0.048818,0.103745,-0.993433,-0.0482493
3,-0.107192,-0.993642,-0.0344346,-0.999304,-0.0347723,-0.0134872,-0.834009,-0.533188,-0.141916,-0.724995,-0.668613,-0.165343,0.982954,-0.180155,0.0366905,0.823199,-0.567007,-0.0291,0.737818,-0.674586,-0.0236344
4,0.00414683,-0.996777,0.080109,-0.983391,0.061448,0.170779,-0.96534,-0.258287,0.0375076,-0.933493,-0.358425,0.0110804,0.978737,-0.132841,0.156295,0.938227,-0.324906,0.119022,0.909766,-0.394629,0.128818
2,0.0096987,-0.999674,-0.0236175,-0.794599,-0.597199,0.109391,-0.524928,-0.848754,0.063773,-0.429124,-0.90174,0.0521365,0.72647,-0.678997,0.105854,0.488512,-0.867365,0.0950439,0.399244,-0.91166,0.0973619
2,0.0396152,-0.994339,0.0985959,-0.890935,-0.430633,0.144184,-0.505021,-0.86301,0.0129429,-0.459248,-0.888265,-0.00872148,0.941776,-0.304351,0.142929,0.784749,-0.606479,0.127873,0.759472,-0.639271,0.120564
1,0.0273942,-0.999458,-0.0182598,-0.984222,-0.174324,-0.0302951,-0.731555,-0.662504,-0.160983,-0.549545,-0.815332,-0.182305,0.977053,-0.211627,0.0240975,0.745154,-0.666427,-0.0249042,0.634424,-0.772569,-0.0253643
5,0.119462,-0.991347,0.0544144,-0.931559,-0.158555,-0.327198,-0.334944,-0.867819,-0.367019,-0.161952,-0.925573,-0.342178,0.970274,0.052515,-0.236243,0.551378,-0.786376,-0.278559,0.31744,-0.91513,-0.248536
3,-0.10678,-0.993671,-0.034863,-0.999286,-0.0350354,-0.0141458,-0.834662,-0.532242,-0.141623,-0.726786,-0.666804,-0.164785,0.982841,-0.180603,0.0375072,0.823851,-0.566151,-0.0272459,0.73842,-0.673973,-0.02227
5,0.0368679,-0.986094,0.162049,-0.912833,-0.395221,-0.10265,-0.35494,-0.911746,-0.206731,-0.136585,-0.959982,-0.2445,0.917644,-0.395324,0.0405976,0.427489,-0.902072,-0.0593146,0.204355,-0.975581,-0.0805042
4,0.0166839,-0.999516,0.0262753,-0.999871,0.015015,-0.00570407,-0.870385,-0.476896,-0.122477,-0.767733,-0.625145,-0.140638,0.995778,0.0649608,0.0648493,0.916495,-0.399772,0.0147878,0.854025,-0.519814,0.020818
4,-0.00184019,-0.998119,0.0612842,-0.982031,0.0990224,0.160655,-0.988937,-0.143399,0.0379414,-0.965041,-0.261934,0.00933994,0.98378,-0.0836282,0.158693,0.952899,-0.280095,0.116319,0.930283,-0.346441,0.120631
1,0.0428453,-0.998558,0.0323476,-0.994838,-0.0946154,0.036669,-0.7703,-0.633317,-0.0744805,-0.527649,-0.844455,-0.0920978,0.983835,-0.178415,0.0153845,0.746723,-0.664979,-0.0144103,0.624941,-0.780668,-0.00252569
3,0.142802,-0.984066,-0.105932,-0.85658,0.456773,0.240061,-0.926663,-0.374201,0.0356261,-0.861095,-0.506283,-0.0468337,0.840807,0.539865,0.0398598,0.992864,-0.118001,0.0172508,0.928359,-0.371075,0.021262
1,0.00570732,-0.999786,-0.0198875,-0.988871,-0.12946,-0.0733149,-0.765083,-0.625746,-0.151953,-0.652455,-0.739694,-0.164788,0.978349,-0.206956,0.00145496,0.800473,-0.599325,-0.00723197,0.712349,-0.70182,0.00283062
5,-0.0509539,-0.984777,0.166187,-0.945236,-0.312498,-0.0942013,-0.206972,-0.971354,-0.116767,-0.0666427,-0.990416,-0.120976,0.938946,-0.343921,-0.00994727,0.418817,-0.904076,-0.0850769,0.215102,-0.973693,-0.0751836
3,0.113128,-0.990005,0.0842207,-0.859061,0.489548,0.149522,-0.972012,-0.233692,-0.0240906,-0.90026,-0.423993,-0.0987978,0.932413,0.357185,0.0549986,0.889467,-0.45484,0.0443668,0.774533,-0.630623,0.0491252
3,-0.152261,-0.988318,-0.00668416,-0.869961,0.467997,0.155395,-0.946225,-0.31638,-0.0675467,-0.815079,-0.56783,-0.114958,0.83591,0.53844,0.106472,0.942052,-0.333213,0.0388361,0.850302,-0.524934,0.037822
4,-0.0611933,-0.997912,0.0206548,-0.993353,0.0881887,0.0739811,-0.99067,-0.136035,0.00822717,-0.976524,-0.215195,-0.0096146,0.971965,0.00706683,0.235019,0.968935,-0.178569,0.171111,0.952807,-0.252795,0.16809
3,-0.104822,-0.99382,-0.0365152,-0.999437,-0.0316526,-0.0111482,-0.833793,-0.533785,-0.140936,-0.723291,-0.67118,-0.162377,0.981878,-0.184319,0.0440761,0.819387,-0.572791,-0.0227261,0.7602,-0.649487,-0.0161895
5,0.134166,-0.990611,0.0262663,-0.882109,0.0176983,-0.470714,-0.384943,-0.780845,-0.492037,-0.140409,-0.889602,-0.434619,0.949041,0.173094,-0.263361,0.631736,-0.720395,-0.286252,0.465387,-0.852343,-0.238593
3,-0.155693,-0.986399,0.0526959,-0.918522,0.384372,0.0926016,-0.875634,-0.470104,-0.110758,-0.735744,-0.662014,-0.142894,0.929155,0.360308,0.082765,0.917409,-0.395873,0.0405558,0.839597,-0.540438,0.0548134
2,-0.0584913,-0.965607,0.25334,-0.692987,-0.718673,0.0572557,-0.384425,-0.922133,0.0434479,-0.270652,-0.961696,0.0434498,0.720977,-0.671592,0.170755,0.468602,-0.869472,0.156302,0.373811,-0.913207,0.162226
4,0.000751574,-0.999716,0.0238382,-0.981603,0.127668,0.141971,-0.998828,-0.0404074,0.026648,-0.99885,0.0396876,0.026912,0.988254,-0.0116099,0.152382,0.992107,-0.074864,0.100591,0.980114,-0.173298,0.0966702
5,0.194879,-0.977608,-0.0793979,-0.911272,-0.0579626,-0.407705,-0.383588,-0.785652,-0.485397,-0.254847,-0.837865,-0.482738,0.923447,0.215436,-0.317543,0.618029,-0.686939,-0.382303,0.463592,-0.817238,-0.342353
2,-0.0374765,-0.990426,0.132858,-0.691058,-0.721544,0.0425695,-0.41866,-0.907771,0.0259797,-0.312672,-0.949337,0.0315469,0.751303,-0.637671,0.170057,0.527788,-0.834295,0.159347,0.44397,-0.880507,0.166125
4,-0.122731,-0.983341,0.134078,-0.998668,0.0156299,0.0491716,-0.923218,-0.377333,-0.0727192,-0.874485,-0.476151,-0.0925025,0.983254,-0.116048,0.140515,0.946285,-0.314538,0.0749006,0.917167,-0.39112,0.0763486
4,-0.0133129,-0.994615,0.102782,-0.980228,-0.0292374,0.195699,-0.901416,-0.427925,0.0657938,-0.840096,-0.5412,0.0366191,0.967618,-0.207353,0.143944,0.850347,-0.519734,0.0823855,0.776874,-0.624651,0.0792293
5,-0.0145228,-0.989355,0.144798,-0.883465,-0.441205,-0.15757,-0.236143,-0.933895,-0.268472,-0.0904434,-0.959626,-0.266341,0.894972,-0.445002,0.0315891,0.310296,-0.945079,-0.102674,0.127703,-0.982647,-0.134521
7,0.071594,-0.9971,-0.0258057,-0.82092,-0.22396,-0.525293,-0.471959,-0.737692,-0.482768,-0.300641,-0.864106,-0.403653,0.904901,-0.185233,-0.3832,0.593714,-0.710944,-0.376912,0.382206,-0.880897,-0.279175
3,0.0108128,-0.9963,-0.0852582,-0.893075,0.395677,0.214141,-0.890816,-0.454335,0.00517426,-0.792623,-0.608205,-0.0428329,0.841836,0.536297,0.0607994,0.968571,-0.240326,0.0641342,0.900562,-0.432393,0.0449908
3,-0.105776,-0.993723,-0.0364087,-0.999414,-0.0326062,-0.0103837,-0.8319,-0.537169,-0.139255,-0.719394,-0.675721,-0.160851,0.981388,-0.186353,0.0463668,0.81614,-0.57747,-0.0210716,0.732096,-0.681126,-0.0101419
5,-0.0659174,-0.98156,0.179427,-0.788425,-0.614535,0.0270644,-0.24122,-0.967186,-0.0797756,-0.0403215,-0.992011,-0.11953,0.658405,-0.751565,0.0406524,0.0444993,-0.997498,-0.0549381,-0.0625513,-0.993876,-0.0910893
5,0.0494151,-0.998369,-0.0285962,-0.843759,0.0356242,-0.535538,-0.36464,-0.755903,-0.543735,-0.121059,-0.855521,-0.503417,0.942601,0.212501,-0.257579,0.654703,-0.688827,-0.311258,0.496773,-0.830666,-0.251415
2,-0.123938,-0.971348,0.202787,-0.667303,-0.743251,0.0478028,-0.328788,-0.943919,0.0302632,-0.206027,-0.978078,0.0302656,0.71141,-0.683161,0.164883,0.448858,-0.881411,0.147105,0.345778,-0.925809,0.152696
5,0.215845,-0.973416,-0.0766341,-0.858747,-0.0753478,-0.50683,-0.270897,-0.783437,-0.559323,-0.136263,-0.826579,-0.546077,0.960465,0.152073,-0.233196,0.629462,-0.689876,-0.357559,0.484228,-0.809868,-0.331114
3,0.0735919,-0.996868,0.0289678,-0.928335,0.310889,0.203818,-0.885993,-0.463452,-0.0151213,-0.769504,-0.634012,-0.0767662,0.88923,0.455685,0.0402693,0.914827,-0.403846,-0.000334484,0.812207,-0.583241,0.0122391
5,0.136886,-0.988968,-0.0566169,-0.923618,-0.111264,-0.366812,-0.367297,-0.807091,-0.462275,-0.19281,-0.874106,-0.445829,0.986842,-0.0309668,-0.158697,0.571988,-0.758069,-0.313307,0.401805,-0.865621,-0.298751
5,-0.00869149,-0.994242,0.106802,-0.949305,-0.202077,-0.240802,-0.417166,-0.85251,-0.314958,-0.197845,-0.936271,-0.290265,0.987993,-0.15446,-0.00339501,0.548522,-0.829697,-0.103569,0.336997,-0.934901,-0.111325
3,-0.197823,-0.980117,-0.015357,-0.872954,0.476974,0.102211,-0.933294,-0.338353,-0.120332,-0.803504,-0.574333,-0.156598,0.845853,0.5132,0.145461,0.944765,-0.316715,0.0843264,0.864624,-0.495993,0.0801039
4,-0.0451913,-0.998915,0.0112225,-0.98009,0.196656,0.0273894,-0.913665,-0.40224,-0.0584792,-0.855553,-0.512136,-0.0757996,0.992179,0.100499,0.0740319,0.917107,-0.398433,0.0128568,0.864855,-0.501054,0.031168
1,0.0881724,-0.995527,0.0339239,-0.992424,-0.112453,0.0494855,-0.769658,-0.634596,-0.070108,-0.661284,-0.743673,-0.09826,0.983732,-0.17961,0.00350432,0.741116,-0.670883,-0.0257328,0.611078,-0.791329,-0.0195688
4,-0.0813655,-0.988412,0.128143,-0.982163,-0.0434395,0.182945,-0.897678,-0.437465,0.0529009,-0.833572,-0.552011,0.0210067,0.966047,-0.208408,0.152707,0.84892,-0.520819,0.0899042,0.77283,-0.628874,0.0851536
1,0.0070767,-0.999485,0.0313018,-0.992859,-0.115213,0.0309423,-0.757644,-0.64794,-0.078425,-0.609311,-0.785594,-0.107625,0.98442,-0.175036,0.0167476,0.748347,-0.663188,-0.0125883,0.626134,-0.779713,-0.00185477
4,0.0545346,-0.998511,0.00113424,-0.989997,0.0113926,0.140628,-0.918046,-0.396197,0.0148075,-0.861523,-0.507509,-0.0145726,0.980732,-0.123312,0.151521,0.880159,-0.46899,0.0732729,0.819075,-0.569645,0.0679752
4,-0.00566804,-0.999935,-0.00985231,-0.986252,0.127959,0.104568,-0.962375,-0.271099,0.0184545,-0.931502,-0.363581,-0.0106294,0.987059,0.00349348,0.160317,0.955234,-0.277184,0.103428,0.925127,-0.368517,0.0913029
2,0.0398416,-0.994095,0.100935,-0.886569,-0.439938,0.143007,-0.499418,-0.866233,0.0148668,-0.460505,-0.887596,-0.0103835,0.938311,-0.315747,0.140984,0.781937,-0.610313,0.126854,0.753107,-0.646813,0.120261
2,-0.00872545,-0.997686,-0.0674224,-0.669876,-0.742047,-0.025145,-0.303462,-0.951473,-0.0510811,-0.178145,-0.982763,-0.0494125,0.686423,-0.726613,-0.0292868,0.372803,-0.926958,-0.0420335,0.259022,-0.96531,-0.0329311
4,0.189236,-0.981669,0.0226872,-0.987647,0.089902,0.128336,-0.996008,-0.0629805,0.0632602,-0.989365,-0.142849,0.0273949,0.992923,-0.0781294,0.08944,0.968473,-0.245301,0.0434543,0.942769,-0.330404,0.0449355
7,0.0863791,-0.996218,-0.00938498,-0.928394,-0.213369,-0.304233,-0.586778,-0.734394,-0.341111,-0.342079,-0.895697,-0.284093,0.986989,-0.0916884,-0.132081,0.750129,-0.6361,-0.180784,0.506265,-0.852049,-0.133076
3,0.0182093,-0.993053,0.116254,-0.926234,0.35408,0.129298,-0.880913,-0.47056,-0.050656,-0.784063,-0.610338,-0.112842,0.926713,0.367458,0.0786009,0.894307,-0.440486,0.0786584,0.795656,-0.600085,0.0826424
2,0.0237935,-0.97399,0.22534,-0.695141,-0.717149,0.0497553,-0.419424,-0.906997,0.0379392,-0.312569,-0.948869,0.0441354,0.736755,-0.653307,0.174302,0.494888,-0.853768,0.161762,0.409759,-0.896729,0.16726
3,-0.0914311,-0.995321,0.0312478,-0.941797,0.301318,0.149081,-0.848509,-0.522917,-0.0811833,-0.722261,-0.675122,-0.150163,0.895026,0.4273,0.127844,0.90426,-0.4166,0.0935894,0.808028,-0.582958,0.0851546
3,-0.041141,-0.994489,0.0964324,-0.941619,0.273075,0.196938,-0.874726,-0.482576,-0.0444359,-0.77768,-0.621693,-0.0933347,0.854683,0.513893,0.0736937,0.898578,-0.438657,-0.0117738,0.782673,-0.622163,-0.0183326
2,-0.0288279,-0.995341,-0.0920052,-0.709771,-0.700566,0.0737087,-0.451087,-0.89189,0.0324586,-0.355811,-0.934313,0.0214063,0.715523,-0.694612,0.074437,0.510342,-0.856744,0.0744397,0.442797,-0.892158,0.0893648
4,0.11309,-0.986525,0.118232,-0.992655,-0.0587482,0.105762,-0.851991,-0.522963,-0.0249105,-0.748524,-0.659468,-0.0693724,0.976733,-0.194665,0.0899951,0.795513,-0.605923,0.00414872,0.686946,-0.72661,-0.0119603
1,0.0204847,-0.998468,0.0513946,-0.967961,-0.231626,-0.0969569,-0.643534,-0.736964,-0.206759,-0.490335,-0.846572,-0.207093,0.962144,-0.271837,-0.0195592,0.686699,-0.71937,-0.104651,0.559745,-0.822342,-0.102171
4,-0.0937027,-0.99539,0.0204534,-0.997598,-0.0339319,0.0603917,-0.875475,-0.47856,-0.0672565,-0.805929,-0.584382,-0.0947411,0.981558,-0.106373,0.158833,0.868945,-0.490463,0.0661803,0.798634,-0.599368,0.054236
2,0.123146,-0.991962,-0.029108,-0.593058,-0.805156,0.00255623,-0.276625,-0.960597,-0.0270622,-0.159236,-0.98693,-0.0247676,0.578452,-0.81567,0.00871416,0.232809,-0.972361,-0.0176906,0.155806,-0.987759,-0.00756879
2,-0.085587,-0.992097,0.0917513,-0.637721,-0.769861,0.0250276,-0.275185,-0.961343,0.0095954,-0.154329,-0.987878,0.0167,0.663601,-0.738095,0.121862,0.28427,-0.954453,0.0906113,0.210932,-0.972171,0.101932
3,-0.108327,-0.993586,-0.0324486,-0.999323,-0.0346338,-0.0124285,-0.833373,-0.534127,-0.142116,-0.722458,-0.671186,-0.166025,0.983212,-0.178961,0.0355989,0.82161,-0.569027,-0.0341298,0.736107,-0.676306,-0.027504
7,0.00429811,-0.999979,0.004772,-0.762653,-0.254149,-0.594785,-0.403043,-0.761586,-0.507488,-0.245814,-0.876888,-0.41309,0.839775,-0.237728,-0.488122,0.501666,-0.751875,-0.427802,0.345019,-0.875288,-0.33887
3,0.00770539,-0.998466,0.0548328,-0.890913,0.439089,0.116081,-0.913726,-0.385239,-0.129213,-0.848751,-0.499212,-0.174384,0.892781,0.427592,0.141801,0.929475,-0.363368,0.0635554,0.860458,-0.507098,0.0496327
2,-0.00239473,-0.998317,-0.0579409,-0.58247,-0.812836,-0.00514626,-0.217964,-0.975154,-0.0395706,-0.104973,-0.993891,-0.0340664,0.585782,-0.810063,0.0256428,0.200009,-0.979683,-0.0147328,0.117684,-0.993005,-0.0095482
4,0.0189717,-0.998744,-0.0463751,-0.992712,-0.0495262,0.109861,-0.898444,-0.437238,-0.0402652,-0.842633,-0.53384,-0.0706021,0.985859,-0.146932,0.0805768,0.882422,-0.470352,0.0099646,0.810682,-0.585486,0.00116437
6,-0.163625,-0.985967,0.0331006,-0.840786,-0.520824,0.147721,-0.572274,-0.819263,0.0362008,-0.478453,-0.878073,0.00844632,0.732687,-0.328872,0.59583,0.632705,-0.593749,0.497139,0.5809,-0.66862,0.464223
4,0.0297899,-0.99742,-0.0653207,-0.990316,-0.0488549,0.12995,-0.88808,-0.459489,-0.0135712,-0.827225,-0.559993,-0.0458965,0.985907,-0.15517,0.0625207,0.88697,-0.46179,-0.00586436,0.828005,-0.560654,-0.0085988
1,0.00265377,-0.999987,0.00439995,-0.969311,-0.24534,-0.0156375,-0.640918,-0.754863,-0.139305,-0.41672,-0.899665,-0.130183,0.966288,-0.255164,0.0343228,0.689499,-0.722493,-0.0509363,0.55214,-0.832354,-0.0482464
5,-0.0385867,-0.981068,0.189781,-0.816613,-0.576846,0.0197902,-0.29098,-0.952913,-0.0853615,-0.0967684,-0.986528,-0.131906,0.690212,-0.722155,0.0458161,0.124228,-0.990051,-0.0660853,-0.0343315,-0.997009,-0.0692453
3,-0.109104,-0.993568,-0.0303112,-0.999255,-0.0365006,-0.0125503,-0.833669,-0.533707,-0.141963,-0.721514,-0.672129,-0.166312,0.983502,-0.177324,0.0357646,0.821135,-0.569462,-0.038072,0.73433,-0.678149,-0.029552
4,0.0588938,-0.99782,0.0297633,-0.989584,0.0848492,0.116293,-0.965797,-0.254653,0.0488576,-0.945933,-0.323733,0.0201816,0.976464,-0.0632503,0.206197,0.931856,-0.336797,0.134953,0.902751,-0.40959,0.13144
4,-0.0182293,-0.999819,-0.0054698,-0.983453,0.145902,0.107389,-0.999394,-0.0289418,0.0193159,-0.997899,-0.0647828,0.00105173,0.986963,0.034555,0.157194,0.992631,-0.0431632,0.113224,0.985511,-0.128174,0.111087
2,0.0402985,-0.994124,0.100466,-0.887531,-0.437918,0.143235,-0.500693,-0.865504,0.014453,-0.459778,-0.887978,-0.009949,0.939035,-0.313198,0.141843,0.782703,-0.609239,0.127295,0.754791,-0.644816,0.120426
5,-0.0110551,-0.992199,0.124173,-0.959363,-0.1774,-0.219435,-0.448478,-0.835831,-0.316629,-0.201077,-0.937904,-0.282672,0.989763,-0.141582,0.0179739,0.574103,-0.81443,-0.0843148,0.352386,-0.929743,-0.106778
3,0.166969,-0.984901,0.0457355,-0.910726,0.347811,0.222725,-0.920237,-0.391359,-0.00149799,-0.794052,-0.601633,-0.0867123,0.899637,0.432512,0.059891,0.885644,-0.464328,0.00585768,0.735281,-0.677762,-0.000781401
2,-0.0891541,-0.99467,-0.0517944,-0.791056,-0.600447,0.117021,-0.521773,-0.849963,0.0729167,-0.424971,-0.903212,0.0600611,0.748213,-0.655096,0.105005,0.533076,-0.838673,0.111613,0.463258,-0.877814,0.121795
2,0.0256637,-0.999231,0.0296531,-0.891922,-0.45219,-0.000218017,-0.512698,-0.850072,-0.120495,-0.357186,-0.924116,-0.135749,0.950894,-0.30624,0.0449193,0.705032,-0.708854,-0.0213589,0.573987,-0.818483,-0.0249709
6,-0.0478892,-0.997962,-0.0421697,-0.863762,-0.0589056,0.500444,-0.70929,-0.628903,0.318415,-0.570686,-0.788457,0.229462,0.912008,-0.0781683,0.402654,0.698723,-0.631446,0.336245,0.609527,-0.736445,0.293471
4,0.0290399,-0.994432,0.101299,-0.983644,0.00973737,0.179858,-0.945108,-0.323883,0.0432621,-0.915629,-0.401529,0.0199336,0.9723,-0.180373,0.148652,0.911878,-0.395033,0.111475,0.876884,-0.464961,0.12201
8,0.0362305,-0.95851,-0.282748,-0.870052,-0.176603,-0.46024,-0.514891,-0.601788,-0.610523,-0.357883,-0.70282,-0.614787,0.95489,-0.149583,-0.256534,0.690718,-0.574954,-0.438561,0.5185,-0.720924,-0.459812
3,-0.113368,-0.993375,0.0187987,-0.949843,0.288159,0.121504,-0.87341,-0.484126,-0.0526975,-0.79045,-0.598724,-0.129301,0.920389,0.382492,0.0811484,0.898327,-0.43306,0.0739466,0.816594,-0.571827,0.0786688
1,0.0176616,-0.999818,0.00722431,-0.988323,-0.147531,0.0381,-0.73307,-0.675936,-0.0756292,-0.609896,-0.788796,-0.076343,0.984545,-0.174199,0.0180394,0.766183,-0.642547,-0.00988256,0.65139,-0.758743,8.85374e-05
2,-0.0286749,-0.997662,-0.0620357,-0.606705,-0.794821,0.0130206,-0.241461,-0.97002,-0.027541,-0.126856,-0.991639,-0.0236628,0.601526,-0.797426,0.0477188,0.201998,-0.979385,0.00131516,0.122258,-0.992483,0.0055794
4,-0.037962,-0.999118,0.0179598,-0.993229,0.0961327,0.0652334,-0.928435,-0.37064,-0.0252088,-0.887974,-0.458382,-0.0372484,0.995003,-0.0129128,0.0990081,0.933231,-0.356961,0.0407282,0.880338,-0.470118,0.0631961
3,0.00780037,-0.997311,0.0728694,-0.929747,0.352071,0.107786,-0.877756,-0.469979,-0.0930799,-0.809356,-0.573217,-0.127926,0.924129,0.378358,0.0531999,0.902678,-0.430312,0.00221052,0.805947,-0.59193,-0.00823625
4,-0.0386494,-0.999162,0.0134867,-0.98686,0.155427,0.0441482,-0.910351,-0.411535,-0.0435797,-0.850823,-0.522528,-0.0553582,0.993632,0.070058,0.0882505,0.916585,-0.399013,0.0256885,0.858359,-0.510692,0.0491362
2,0.0152993,-0.999148,-0.0383434,-0.594086,-0.803588,-0.0361794,-0.236356,-0.971264,-0.0279801,-0.116048,-0.993143,-0.0141308,0.610337,-0.79049,0.0511329,0.259508,-0.965464,0.0231323,0.177744,-0.983601,0.0305868
1,0.190317,-0.97436,-0.120006,-0.994705,-0.0882537,0.0526676,-0.776789,-0.62378,-0.0865865,-0.605338,-0.787234,-0.117595,0.978978,-0.203558,0.012932,0.729429,-0.683257,-0.0330456,0.599626,-0.799731,-0.0296522
2,0.0384991,-0.994505,0.0973538,-0.893868,-0.424304,0.144797,-0.508755,-0.860838,0.0112175,-0.460235,-0.887758,-0.0083033,0.944284,-0.296463,0.142958,0.785904,-0.604879,0.128362,0.762121,-0.636045,0.120908
3,0.144056,-0.984254,-0.102433,-0.801594,0.544856,0.246127,-0.988716,-0.149067,0.0148527,-0.90691,-0.418917,-0.044963,0.846259,0.529893,0.0553104,0.983174,-0.182619,0.00445879,0.905494,-0.424223,0.0107519
3,-0.106118,-0.993691,-0.0362826,-0.99939,-0.0333576,-0.0103404,-0.831981,-0.537289,-0.138303,-0.721356,-0.673869,-0.159831,0.981388,-0.185995,0.0477951,0.82135,-0.570244,-0.0143387,0.736306,-0.676609,-0.0072792
4,-0.0437016,-0.998981,0.0112658,-0.980578,0.194197,0.0274815,-0.913095,-0.403639,-0.0577378,-0.855058,-0.513223,-0.074014,0.992435,0.0959684,0.0765667,0.91744,-0.397546,0.0161695,0.865286,-0.499999,0.0357886
4,-0.0413373,-0.999074,0.011898,-0.98123,0.190841,0.0277076,-0.913083,-0.403951,-0.055711,-0.856182,-0.511916,-0.0699537,0.992486,0.0924216,0.0801829,0.918006,-0.396044,0.0203375,0.865917,-0.498513,0.0409
2,0.157791,-0.987346,0.015835,-0.793231,-0.593866,0.134563,-0.517873,-0.85074,0.0897106,-0.425924,-0.901396,0.0779389,0.669071,-0.742751,0.025794,0.437948,-0.898157,0.0389184,0.352848,-0.933779,0.0596313
2,0.0685116,-0.989837,0.124614,-0.767493,-0.628837,0.124573,-0.454435,-0.888855,0.058524,-0.327741,-0.943854,0.0415393,0.694967,-0.71904,-0.00138418,0.384889,-0.922956,0.0037259,0.27465,-0.961304,0.0215055
2,0.0842131,-0.991969,0.0943698,-0.64163,-0.766933,-0.0111676,-0.30708,-0.951315,-0.026477,-0.183729,-0.982791,-0.0191303,0.617589,-0.785963,0.0290907,0.252574,-0.967151,0.028716,0.165155,-0.98546,0.0398945
2,-0.0568548,-0.996968,-0.0531206,-0.554545,-0.829634,-0.0647084,-0.185162,-0.981143,-0.0554332,-0.067761,-0.996963,-0.038379,0.653482,-0.756338,0.0302411,0.441624,-0.897181,0.00593589,0.336034,-0.941361,0.0303352
4,0.0810004,-0.995488,0.049421,-0.981525,-0.000868771,0.191333,-0.913709,-0.399902,0.0722076,-0.856828,-0.513716,0.0440658,0.969424,-0.195198,0.148708,0.859418,-0.503934,0.0863183,0.793048,-0.603297,0.0843079
4,0.0585097,-0.990554,0.124014,-0.982783,-0.012761,0.184321,-0.933056,-0.356147,0.0506532,-0.897407,-0.44052,0.0245673,0.968509,-0.202697,0.144584,0.888751,-0.448169,0.0962661,0.838641,-0.535842,0.0977471
2,-0.0630884,-0.991753,0.111559,-0.631583,-0.774777,0.0286897,-0.235593,-0.97172,0.0160078,-0.115423,-0.99303,0.0238682,0.581988,-0.813187,0.00411948,0.239063,-0.970907,0.0137315,0.153982,-0.987663,0.0285017
5,0.0545747,-0.995781,0.0737653,-0.932709,-0.286048,-0.219613,-0.301081,-0.897883,-0.321179,-0.136645,-0.936734,-0.322269,0.978821,-0.195889,-0.0594688,0.471647,-0.858333,-0.202026,0.254025,-0.944537,-0.208136
5,-0.012015,-0.983643,0.17973,-0.877741,-0.468637,-0.0997506,-0.250681,-0.95136,-0.179092,-0.126178,-0.973599,-0.190223,0.881004,-0.472274,0.0280971,0.267375,-0.959919,-0.0840561,0.0964756,-0.990095,-0.101997
2,-0.00212796,-0.993994,0.109413,-0.673976,-0.73717,0.0483362,-0.28664,-0.957727,0.0244132,-0.160789,-0.986554,0.0293006,0.57684,-0.816856,0.00118756,0.231683,-0.97271,0.0125717,0.145775,-0.988927,0.0278078
4,-0.0682495,-0.989586,0.126733,-0.997512,0.0141672,0.0690555,-0.928205,-0.36667,-0.0631502,-0.884682,-0.458276,-0.0855685,0.984042,-0.141716,0.107603,0.912215,-0.408338,0.0335179,0.876655,-0.479785,0.0358016
7,-0.0467193,-0.998794,0.0150685,-0.469449,-0.253913,-0.845663,-0.199183,-0.723967,-0.660453,-0.0963937,-0.840956,-0.532448,0.548855,-0.288118,-0.784695,0.230884,-0.757315,-0.610874,0.11884,-0.862502,-0.491901
3,-0.129412,-0.990814,-0.0392483,-0.792086,0.574792,0.205462,-0.970675,-0.214736,-0.108065,-0.855693,-0.494745,-0.151713,0.851221,0.501607,0.154315,0.968655,-0.228998,0.0962694,0.895933,-0.434335,0.0930471
1,0.138015,-0.988844,-0.0560359,-0.992995,-0.116362,0.0204921,-0.783689,-0.614117,-0.0932308,-0.649314,-0.752058,-0.11314,0.979045,-0.203644,-0.000468887,0.715311,-0.695592,-0.0669498,0.577574,-0.813508,-0.0679095
2,-0.0295845,-0.997608,0.0624743,-0.91343,-0.392078,-0.109182,-0.50361,-0.852281,-0.141399,-0.377512,-0.915773,-0.137279,0.897995,-0.438885,-0.0313914,0.608699,-0.787984,-0.0925586,0.42363,-0.90311,-0.0702127
1,-0.00454438,-0.999989,0.000825999,-0.977278,-0.184115,0.105017,-0.698981,-0.715111,-0.00641582,-0.460176,-0.887645,-0.0180052,0.976794,-0.180718,0.114958,0.740792,-0.667415,0.0760511,0.612972,-0.786174,0.0787096
5,0.0293856,-0.977401,0.209342,-0.883737,-0.466274,-0.0399644,-0.252688,-0.962827,-0.095462,-0.130506,-0.985262,-0.110574,0.850305,-0.522145,0.0659228,0.238182,-0.970268,-0.0429985,0.114563,-0.991896,-0.0549285
3,-0.105512,-0.993749,-0.0364596,-0.999382,-0.0333887,-0.0110135,-0.832131,-0.536755,-0.139471,-0.719605,-0.675454,-0.161028,0.981464,-0.186039,0.0460178,0.816077,-0.577532,-0.0217922,0.750504,-0.660742,-0.0127509
3,-0.00803353,-0.998027,0.062271,-0.940633,0.303162,0.15265,-0.877235,-0.479567,-0.0217833,-0.741213,-0.667787,-0.0682904,0.923813,0.380144,0.0453899,0.867953,-0.494788,0.0429266,0.743477,-0.665524,0.0657231
1,-0.0972526,-0.995224,0.00842516,-0.995308,-0.0960283,0.0118875,-0.751249,-0.649733,-0.116069,-0.564806,-0.812701,-0.143217,0.981593,-0.182326,0.056858,0.757035,-0.653266,0.0118554,0.639538,-0.768656,0.0126188
2,0.11769,-0.987795,0.102034,-0.716024,-0.695979,0.0540525,-0.390701,-0.920227,0.0231341,-0.270654,-0.962343,0.0253436,0.576393,-0.817172,0.00136481,0.224235,-0.974444,0.0132972,0.136185,-0.990269,0.0286348
5,-0.00242962,-0.987883,0.155181,-0.909397,-0.39559,-0.128475,-0.304929,-0.915449,-0.262626,-0.0999121,-0.962594,-0.251855,0.889951,-0.455168,0.0284329,0.239748,-0.960572,-0.140789,0.118876,-0.980325,-0.157582
1,0.0128672,-0.999808,-0.0147998,-0.98342,-0.178842,-0.0299971,-0.729839,-0.66609,-0.153817,-0.647409,-0.74454,-0.162856,0.976809,-0.212743,0.0241933,0.758595,-0.651328,-0.017468,0.628896,-0.777228,-0.0201489
1,0.143114,-0.989703,0.00240341,-0.988095,-0.143981,0.0541939,-0.759146,-0.64858,-0.0551417,-0.556121,-0.828147,-0.0700087,0.98374,-0.179594,0.00142248,0.74808,-0.663482,-0.0129408,0.61624,-0.787556,0.00174896
5,-0.0201813,-0.975045,0.22109,-0.909322,-0.406741,-0.0877291,-0.247722,-0.956631,-0.15327,-0.126945,-0.97776,-0.166943,0.877479,-0.47876,0.0286472,0.273708,-0.959453,-0.06733,0.116303,-0.990306,-0.0759386
2,-0.0330944,-0.993901,0.105193,-0.89426,-0.44407,-0.055683,-0.47816,-0.873382,-0.0925594,-0.34384,-0.934757,-0.0894657,0.8765,-0.480538,0.0288116,0.577426,-0.816063,-0.0248836,0.403903,-0.914662,-0.0159766
2,-0.122168,-0.991392,0.047094,-0.776211,-0.630176,0.0193695,-0.505807,-0.862545,0.0132772,-0.40792,-0.912835,0.0182561,0.745257,-0.665126,0.0468904,0.544097,-0.836865,0.0601275,0.473959,-0.877456,0.0737148
4,-0.000586977,-0.990805,0.135294,-0.983909,-0.0366266,0.174879,-0.901284,-0.4306,0.0476441,-0.838446,-0.544848,0.0121917,0.965834,-0.204787,0.158833,0.849266,-0.519112,0.0962783,0.772379,-0.62865,0.0907137
5,0.0216632,-0.983925,0.177264,-0.912065,-0.400458,-0.0881488,-0.344276,-0.920189,-0.186351,-0.141289,-0.962543,-0.231404,0.928816,-0.366598,0.0539092,0.453759,-0.88961,-0.0519375,0.235762,-0.968886,-0.0753353
2,0.0184479,-0.999647,0.0191019,-0.902234,-0.431139,-0.00958739,-0.53155,-0.837625,-0.125852,-0.37081,-0.918307,-0.138607,0.958141,-0.283496,0.0399485,0.719055,-0.694448,-0.026483,0.59312,-0.804646,-0.0274356
4,-0.0381561,-0.99913,0.0168306,-0.99145,0.112894,0.0654366,-0.904413,-0.426024,-0.0232436,-0.843368,-0.536039,-0.0373267,0.995145,-0.00530889,0.0982785,0.911565,-0.40953,0.0365224,0.850062,-0.523258,0.0599626
4,-0.0320825,-0.99379,0.10655,-0.992329,-0.0588574,0.108714,-0.84841,-0.528902,-0.0215052,-0.752539,-0.655851,-0.0595292,0.976206,-0.195038,0.0947711,0.85791,-0.511916,0.0439491,0.791294,-0.610083,0.0406596
2,-0.0314213,-0.996014,0.0834846,-0.899508,-0.430181,-0.0763512,-0.487465,-0.865739,-0.113466,-0.359869,-0.926044,-0.113742,0.885069,-0.465328,0.0110484,0.607642,-0.79198,-0.0594913,0.395887,-0.917666,-0.0340998
3,-0.10599,-0.993703,-0.036341,-0.999433,-0.0321214,-0.0101386,-0.831832,-0.53734,-0.139,-0.719794,-0.675379,-0.1605,0.981356,-0.186419,0.0467805,0.817418,-0.575729,-0.0190918,0.728983,-0.684475,-0.00882632
9,0.0454865,-0.998905,0.0109745,-0.426281,-0.897885,-0.109944,-0.12837,-0.9838,-0.125134,-0.030812,-0.993254,-0.111794,0.532929,-0.846013,-0.0157731,0.24573,-0.966605,-0.0727457,0.20174,-0.978105,-0.0511052
3,-0.125123,-0.986742,0.103361,-0.905483,0.413153,0.0969817,-0.907806,-0.392363,-0.148121,-0.833555,-0.518924,-0.189481,0.886974,0.43318,0.160103,0.942126,-0.321264,0.0958539,0.88521,-0.45558,0.0940718
1,0.0272986,-0.998683,0.0434435,-0.994805,-0.10126,0.010418,-0.759226,-0.643726,-0.0958757,-0.617305,-0.780454,-0.099128,0.982714,-0.183482,0.0246282,0.744328,-0.667645,-0.0150204,0.620747,-0.783999,-0.00432731
1,0.0540461,-0.998112,0.0291798,-0.99112,-0.123657,0.0488964,-0.757625,-0.648731,-0.0717828,-0.500225,-0.861001,-0.0919353,0.983468,-0.181065,0.00229128,0.741494,-0.670381,-0.0278635,0.613583,-0.789332,-0.0216917
2,0.0310103,-0.99925,-0.023197,-0.769724,-0.629913,0.103606,-0.477413,-0.876919,0.055579,-0.357179,-0.933006,0.0438568,0.679575,-0.727642,0.0933545,0.409125,-0.909855,0.0691382,0.31485,-0.946267,0.0738138
1,0.119281,-0.992357,-0.0316023,-0.971806,-0.230443,0.0499014,-0.70168,-0.707851,-0.0811964,-0.461652,-0.882622,-0.0886273,0.956131,-0.292795,0.00915488,0.654923,-0.754728,-0.0382355,0.505944,-0.861863,-0.0348187
5,0.095086,-0.993525,0.0621754,-0.937475,-0.252293,-0.239768,-0.311842,-0.893928,-0.321942,-0.153836,-0.93581,-0.317166,0.983487,-0.0977226,-0.152328,0.485496,-0.836726,-0.253343,0.247039,-0.939427,-0.237589
5,0.028591,-0.986076,0.16382,-0.979591,-0.14644,-0.137686,-0.442029,-0.852801,-0.278103,-0.196275,-0.94825,-0.249596,0.98617,-0.163916,0.0244807,0.554034,-0.82778,-0.088472,0.349201,-0.929761,-0.116633
1,-0.00218296,-0.999816,0.0190705,-0.989008,-0.142083,0.0409389,-0.734612,-0.674176,-0.076365,-0.450719,-0.887863,-0.092477,0.9837,-0.179426,0.0118852,0.755658,-0.654717,-0.0180588,0.636754,-0.771005,-0.00980076
4,-0.0406786,-0.998983,0.0194282,-0.99574,0.059922,0.0700747,-0.925671,-0.378099,-0.0131977,-0.880437,-0.473457,-0.0258837,0.994022,-0.0426231,0.100518,0.906352,-0.420541,0.0408818,0.845279,-0.531212,0.0575917
2,-0.0309012,-0.996612,0.076217,-0.901967,-0.423617,-0.0836913,-0.491024,-0.862799,-0.120305,-0.364165,-0.923579,-0.119941,0.886594,-0.462525,0.00458915,0.607245,-0.79152,-0.0689174,0.40086,-0.915285,-0.0395539
1,0.0149245,-0.999405,0.0311025,-0.993276,-0.110714,0.0338368,-0.760687,-0.644651,-0.0760285,-0.531368,-0.841628,-0.0964895,0.984156,-0.176606,0.0157126,0.747445,-0.664184,-0.0136167,0.625444,-0.780266,-0.0020758
5,0.00490238,-0.985791,0.167906,-0.980403,-0.152951,-0.124163,-0.306334,-0.934817,-0.179659,-0.151595,-0.966911,-0.205186,0.978196,-0.207658,-0.00320772,0.507406,-0.855686,-0.101686,0.306356,-0.947306,-0.0935803
1,0.116758,-0.99225,-0.0425105,-0.983084,-0.174078,0.0569411,-0.732203,-0.676252,-0.0810018,-0.518739,-0.850602,-0.0859353,0.967191,-0.253598,0.015137,0.683333,-0.729415,-0.0317765,0.540646,-0.840767,-0.028519
3,-0.104188,-0.989407,0.101083,-0.935963,0.317605,0.151988,-0.874599,-0.48483,-0.0040237,-0.752863,-0.656361,-0.0488636,0.932471,0.357648,0.0508477,0.926198,-0.373504,0.0514863,0.885169,-0.461957,0.0554295
2,-0.0305639,-0.997154,0.0689139,-0.905417,-0.414516,-0.0916372,-0.495663,-0.858981,-0.128335,-0.368998,-0.920781,-0.126503,0.888802,-0.45828,-0.00310424,0.606992,-0.791132,-0.0753055,0.407902,-0.911788,-0.0475206
3,-0.105533,-0.993776,-0.0356656,-0.999503,-0.0292471,-0.0118025,-0.835214,-0.531251,-0.142094,-0.72819,-0.665311,-0.164626,0.98251,-0.181845,0.0400739,0.82454,-0.565281,-0.0243124,0.770382,-0.63709,-0.0250763
4,-0.0405074,-0.999103,0.0123786,-0.98175,0.187838,0.0297179,-0.913414,-0.403448,-0.0538893,-0.857085,-0.510704,-0.0677315,0.992589,0.0897729,0.0819038,0.918151,-0.395644,0.0215377,0.866042,-0.498193,0.0421243
5,0.00663959,-0.989632,0.143469,-0.97122,-0.160545,-0.175946,-0.465253,-0.830493,-0.306302,-0.203037,-0.941287,-0.269733,0.989633,-0.139741,0.0331595,0.577401,-0.812527,-0.0800495,0.361452,-0.925715,-0.11137
1,0.0865238,-0.992767,-0.0832281,-0.992478,-0.111122,0.0513743,-0.760793,-0.64306,-0.0875649,-0.550669,-0.826459,-0.117175,0.979682,-0.200368,0.0086803,0.741655,-0.669718,-0.0377629,0.629318,-0.776432,-0.033343
4,-0.0895635,-0.991454,0.0948545,-0.995456,-0.0499428,0.0810694,-0.926408,-0.37556,-0.0268959,-0.892404,-0.449176,-0.0430792,0.976058,-0.165772,0.140818,0.907136,-0.410982,0.0905403,0.872348,-0.479286,0.096407
1,0.17456,-0.977666,-0.117037,-0.995692,-0.0879931,0.0292188,-0.765997,-0.634153,-0.105351,-0.62963,-0.765772,-0.130994,0.980134,-0.195381,0.0341069,0.741425,-0.670882,-0.0143862,0.615016,-0.788403,-0.0132419
3,-0.0559116,-0.995355,-0.0783683,-0.910089,0.374897,0.176605,-0.919044,-0.392108,-0.0401234,-0.81531,-0.576266,-0.0564623,0.846844,0.523023,0.0964528,0.947454,-0.304835,0.0969835,0.895198,-0.439059,0.0764763
4,0.082597,-0.990251,0.112164,-0.994852,-0.0615506,0.0805106,-0.851831,-0.521798,-0.0459427,-0.752706,-0.652606,-0.0868224,0.977154,-0.175757,0.119493,0.81063,-0.585077,0.0237681,0.706178,-0.708018,0.00482293
2,-0.0293056,-0.997647,0.0619753,-0.916114,-0.38393,-0.115467,-0.505655,-0.850702,-0.143596,-0.379401,-0.914822,-0.138402,0.901499,-0.430259,-0.0466544,0.609526,-0.786131,-0.102356,0.42305,-0.902901,-0.0761392
3,-0.146773,-0.984468,0.0963319,-0.942036,0.309484,0.129567,-0.866616,-0.49828,-0.0263302,-0.749007,-0.657656,-0.0804806,0.929379,0.362045,0.0719499,0.922809,-0.379584,0.0658778,0.857806,-0.508461,0.0750747
4,-0.0423938,-0.999034,0.0115407,-0.980946,0.192322,0.0275171,-0.912932,-0.404138,-0.056807,-0.855296,-0.513118,-0.0719559,0.992511,0.0935106,0.0786028,0.917744,-0.396739,0.018557,0.865642,-0.499159,0.0387794
3,0.000861281,-0.997244,0.0741843,-0.87829,0.463221,0.118462,-0.913971,-0.393173,-0.100356,-0.859517,-0.491707,-0.139481,0.930639,0.356462,0.0827368,0.900413,-0.43074,0.0609846,0.789665,-0.60994,0.0663502
3,-0.0916605,-0.995539,0.022384,-0.92429,0.350736,0.150576,-0.929444,-0.366304,-0.0442122,-0.82446,-0.559872,-0.0825185,0.904254,0.413496,0.10652,0.911886,-0.405277,0.0649142,0.846112,-0.528777,0.066997
2,-0.0365573,-0.987993,0.15011,-0.89339,-0.448383,-0.0284083,-0.476247,-0.877971,-0.0485309,-0.330894,-0.942433,-0.048262,0.874723,-0.483153,0.0377228,0.574503,-0.818435,-0.0105032,0.429802,-0.902905,0.00579786
3,-0.108568,-0.99354,0.033047,-0.94962,0.283653,0.133277,-0.870978,-0.490152,-0.0338948,-0.788635,-0.609236,-0.0829778,0.921641,0.382683,0.0642745,0.887818,-0.455673,0.0643536,0.795642,-0.600903,0.0766132
6,-0.0382148,-0.9974,-0.0611038,-0.852964,-0.114283,0.509306,-0.668987,-0.658289,0.345128,-0.52257,-0.811998,0.259964,0.900107,-0.0971849,0.424692,0.701618,-0.621789,0.348009,0.604994,-0.729691,0.318643
3,-0.104883,-0.993817,-0.0364188,-0.999465,-0.0307895,-0.0110438,-0.834365,-0.53276,-0.141425,-0.724966,-0.669209,-0.163042,0.982047,-0.183638,0.0431403,0.821335,-0.56998,-0.023049,0.637096,-0.770728,-0.00936015
1,0.0110889,-0.998323,0.0568116,-0.997943,-0.0373634,0.0520905,-0.809752,-0.586405,-0.0207578,-0.712583,-0.700912,-0.0307805,0.985797,-0.152455,0.0704397,0.784493,-0.616327,0.0686412,0.677796,-0.730688,0.0817774
4,0.0148298,-0.997815,-0.0643774,-0.9912,-0.0573078,0.119327,-0.886144,-0.462661,-0.0263184,-0.823089,-0.565006,-0.057375,0.98589,-0.147951,0.078298,0.889662,-0.456561,0.00730441,0.826003,-0.563665,0.00130158
3,-0.0287792,-0.999124,0.0303926,-0.897105,0.413025,0.156887,-0.917449,-0.394221,-0.0536335,-0.793652,-0.599488,-0.10359,0.891638,0.442333,0.0965553,0.914479,-0.400715,0.056175,0.835733,-0.546832,0.0502382
4,-0.00849396,-0.999951,0.00504221,-0.982783,0.137269,0.123669,-0.999232,-0.0311491,0.0237679,-0.999644,-0.0114455,0.0241018,0.988124,0.0202969,0.152311,0.993181,-0.0487477,0.105904,0.984685,-0.140551,0.103156
2,-0.0469439,-0.998335,-0.0335296,-0.711901,-0.702253,0.00615642,-0.392012,-0.919929,-0.00760118,-0.280174,-0.959943,-0.00340772,0.69982,-0.714182,-0.0139988,0.447105,-0.894481,-9.43009e-05,0.377476,-0.925692,0.0246058
5,-0.00896026,-0.987003,0.160452,-0.911142,-0.394341,-0.119648,-0.304201,-0.920068,-0.246854,-0.10166,-0.96637,-0.236207,0.890621,-0.453747,0.0301343,0.243911,-0.957942,-0.151178,0.116602,-0.98107,-0.154611
2,-0.0318123,-0.995402,0.0903537,-0.897511,-0.435564,-0.0689809,-0.484314,-0.86836,-0.106729,-0.355282,-0.928636,-0.106822,0.882659,-0.469694,0.0173518,0.595698,-0.802131,-0.0415856,0.390988,-0.919963,-0.0282077
5,-0.00284907,-0.995381,0.0959596,-0.939651,-0.239382,-0.244443,-0.377401,-0.871198,-0.313979,-0.176557,-0.9371,-0.301118,0.985625,-0.167799,-0.0196489,0.528572,-0.840205,-0.121107,0.322022,-0.938892,-0.121589
2,-0.046571,-0.997888,-0.045288,-0.566947,-0.822053,-0.052908,-0.268815,-0.962748,-0.029244,-0.167102,-0.985855,-0.0129415,0.686485,-0.725789,0.044373,0.464387,-0.884685,0.0409577,0.372732,-0.925931,0.0610182
5,0.0410813,-0.997981,-0.0484319,-0.939591,0.0242874,-0.341436,-0.52938,-0.747604,-0.401055,-0.314982,-0.860015,-0.401447,0.931474,0.15813,-0.327646,0.593079,-0.717424,-0.365458,0.432166,-0.850339,-0.300261
4,-0.038143,-0.999107,0.0181563,-0.993995,0.0888241,0.0639023,-0.934362,-0.355512,-0.0240516,-0.895325,-0.444007,-0.0353621,0.994973,-0.0131693,0.0992709,0.942388,-0.332288,0.0386019,0.889479,-0.452595,0.0631253
4,0.082736,-0.98994,0.114777,-0.991572,-0.0573585,0.116164,-0.849714,-0.52698,-0.0166901,-0.744969,-0.664251,-0.0615777,0.976211,-0.201922,0.0789917,0.804352,-0.594089,0.00875353,0.718266,-0.695758,0.00376445
2,-0.0321086,-0.994781,0.0968517,-0.895699,-0.440285,-0.0622338,-0.481181,-0.870904,-0.0999549,-0.34959,-0.931737,-0.0982511,0.879187,-0.475859,0.0242425,0.583458,-0.811599,-0.0297271,0.386304,-0.922092,-0.0226932
5,0.0195566,-0.97981,0.198973,-0.862,-0.502781,-0.0645461,-0.212537,-0.970272,-0.115763,-0.117829,-0.985161,-0.124798,0.826587,-0.560222,0.0539035,0.190258,-0.980687,-0.0453295,-0.0512932,-0.997918,-0.0391047
5,-0.0101349,-0.980111,0.198191,-0.852359,-0.522503,-0.0217731,-0.315059,-0.942796,-0.108968,-0.107236,-0.98394,-0.142695,0.784303,-0.617428,0.0604263,0.229599,-0.971981,-0.0503715,0.0425619,-0.997229,-0.0610085
4,-0.0422537,-0.998906,0.0200482,-0.993431,0.0872325,0.0740582,-0.930993,-0.364503,-0.0197499,-0.884371,-0.465471,-0.0349979,0.994773,-0.0371296,0.0951209,0.905355,-0.423348,0.033304,0.851309,-0.522499,0.047625
3,-0.0654864,-0.994823,-0.077708,-0.901144,0.403073,0.159598,-0.951715,-0.300257,-0.0639122,-0.826707,-0.556064,-0.0857208,0.848855,0.514283,0.122299,0.938884,-0.3292,0.100623,0.8946,-0.438564,0.0857432
6,-0.0600294,-0.958463,0.278826,-0.904941,0.022992,0.424917,-0.884617,-0.360247,0.296099,-0.84417,-0.476547,0.24552,0.919247,-0.0227823,0.393022,0.875016,-0.348671,0.335822,0.831557,-0.453073,0.321305
2,0.0247558,-0.999344,0.0264207,-0.894585,-0.44688,-0.00391318,-0.516442,-0.847313,-0.123889,-0.359386,-0.922997,-0.137543,0.953165,-0.299244,0.0439277,0.71003,-0.703805,-0.022719,0.580803,-0.81367,-0.0246864
1,0.0268222,-0.99863,0.0449349,-0.993492,-0.113892,-0.00134352,-0.751326,-0.651592,-0.10458,-0.566291,-0.817278,-0.106632,0.981666,-0.188849,0.0258567,0.740203,-0.672134,-0.0183238,0.613133,-0.78993,-0.00882589
2,-0.0126706,-0.997448,-0.0702596,-0.672574,-0.739453,-0.0292116,-0.308054,-0.949846,-0.0538109,-0.182495,-0.981818,-0.0522338,0.687971,-0.724929,-0.0342645,0.375326,-0.925738,-0.0462515,0.261664,-0.964466,-0.0365809
4,0.0769299,-0.995065,0.0626691,-0.996359,0.0489582,0.0697999,-0.989622,-0.143459,0.00824861,-0.939853,-0.339797,-0.0348547,0.986037,-0.0777593,0.147254,0.966837,-0.23865,0.0909495,0.940508,-0.327872,0.0891334
2,0.0641677,-0.989551,0.129116,-0.817703,-0.572519,0.0598581,-0.547127,-0.836218,0.0373085,-0.451791,-0.891253,0.0394146,0.744305,-0.666267,0.0458164,0.541767,-0.838419,0.0595147,0.470921,-0.879164,0.0728311
3,0.152957,-0.982268,0.108413,-0.926838,0.339294,0.160783,-0.889351,-0.456577,-0.024336,-0.77105,-0.632257,-0.0757221,0.925085,0.377205,0.0439923,0.864654,-0.500584,0.0423097,0.726184,-0.685693,0.0498212
1,0.0291618,-0.998827,0.0386525,-0.995426,-0.0919972,0.0257505,-0.771148,-0.632669,-0.0711428,-0.676136,-0.73231,-0.0810088,0.97739,-0.209197,0.030763,0.75039,-0.660995,0.00032933,0.641297,-0.767198,0.0120541
5,-0.0150378,-0.980524,0.195822,-0.886699,-0.456646,-0.0723787,-0.311417,-0.939102,-0.145281,-0.113287,-0.97736,-0.1787,0.8568,-0.511038,0.0688021,0.327555,-0.94395,-0.0408147,0.138184,-0.98854,-0.0607831
4,0.0157012,-0.999532,0.0262478,-0.999777,0.020392,-0.00542805,-0.872787,-0.472683,-0.121711,-0.77315,-0.618812,-0.138966,0.996369,0.0579936,0.0623304,0.961568,-0.274345,0.0110429,0.899676,-0.436062,0.0208037
4,-0.0381496,-0.999147,0.0158059,-0.990853,0.120556,0.060631,-0.904551,-0.425435,-0.0281565,-0.839387,-0.542014,-0.0406331,0.995245,0.00913849,0.0969718,0.912257,-0.408256,0.033393,0.848169,-0.526526,0.0581392
2,-0.00217075,-0.998907,-0.0466945,-0.673049,-0.737565,0.0547965,-0.32366,-0.946161,0.00475473,-0.205774,-0.978593,0.00344536,0.634896,-0.768844,0.0760651,0.249366,-0.968012,0.0277241,0.174465,-0.983904,0.0386711
1,0.0201689,-0.99878,0.0450656,-0.993508,-0.112719,-0.0153626,-0.747733,-0.654204,-0.113629,-0.551495,-0.826272,-0.114577,0.980332,-0.194857,0.0313157,0.741487,-0.670814,-0.0143322,0.613063,-0.790007,-0.00652167
1,0.0368919,-0.997249,-0.0642978,-0.990951,-0.126248,0.0455777,-0.743337,-0.662387,-0.0932416,-0.570837,-0.812616,-0.117476,0.981735,-0.189579,0.0159849,0.75897,-0.650384,-0.0310572,0.650226,-0.759284,-0.026356
3,0.177755,-0.983165,-0.0423131,-0.925736,0.318487,0.203907,-0.905777,-0.423331,-0.0189629,-0.807024,-0.585231,-0.0788514,0.863997,0.496616,0.0829586,0.907458,-0.419849,-0.0157207,0.801942,-0.597321,-0.00977657
1,-0.0664275,-0.99752,0.0232843,-0.995122,-0.090929,0.0382714,-0.768874,-0.6332,-0.0888341,-0.593283,-0.795956,-0.120289,0.981932,-0.185208,0.0388345,0.746999,-0.664813,0.00399433,0.624839,-0.780704,0.00876902
2,-0.0148724,-0.997368,-0.0709692,-0.674097,-0.738006,-0.0306698,-0.311523,-0.948631,-0.0552553,-0.185647,-0.981154,-0.0535878,0.689098,-0.723839,-0.0346537,0.376966,-0.925057,-0.0465469,0.26315,-0.964064,-0.0365156
3,-0.105288,-0.993793,-0.0359206,-0.99952,-0.0289049,-0.0111467,-0.835051,-0.53152,-0.142043,-0.727493,-0.666171,-0.164224,0.982372,-0.182373,0.0410508,0.824094,-0.565952,-0.0238242,0.707146,-0.706761,-0.0208219
9,-0.00142165,-0.997575,-0.0695843,-0.433859,-0.899062,-0.058762,-0.133642,-0.987872,-0.0790486,-0.0348578,-0.997244,-0.065498,0.524825,-0.851019,0.0180349,0.21372,-0.976595,-0.0242204,0.170369,-0.985379,-0.00168164
4,0.0178354,-0.999538,0.0245955,-0.999705,0.0242785,0.00120431,-0.876873,-0.46551,-0.119977,-0.778708,-0.611691,-0.139456,0.99844,0.0234887,0.0506564,0.892626,-0.450642,0.0118739,0.821331,-0.570401,0.00765208
7,0.0890487,-0.996027,0.000865993,-0.776091,-0.284915,-0.562589,-0.418117,-0.781498,-0.463076,-0.24785,-0.897365,-0.365113,0.873037,-0.174865,-0.455224,0.576615,-0.715281,-0.394826,0.43098,-0.850064,-0.302732
4,0.0157132,-0.999535,0.0261275,-0.999551,0.0297619,-0.00333097,-0.877821,-0.463522,-0.12074,-0.780917,-0.60908,-0.138529,0.997254,0.0479592,0.0564241,0.893525,-0.448589,0.0194943,0.824339,-0.566021,0.00920998
2,0.0302641,-0.966547,0.254697,-0.698832,-0.713051,0.0565016,-0.418802,-0.906937,0.0455006,-0.311146,-0.949037,0.0501729,0.725569,-0.666245,0.172242,0.476624,-0.864692,0.158545,0.383196,-0.908999,0.163955
2,-0.0557016,-0.997639,-0.0401728,-0.789184,-0.605097,0.105104,-0.517683,-0.853324,0.0619882,-0.420575,-0.905882,0.0499382,0.748736,-0.653274,0.112367,0.535201,-0.836915,0.114601,0.463595,-0.877521,0.122626
3,-0.10615,-0.993688,-0.0362793,-0.999423,-0.0324048,-0.0102184,-0.8319,-0.53733,-0.138633,-0.720646,-0.674561,-0.160114,0.981364,-0.186247,0.0472996,0.819659,-0.572619,-0.0163378,0.732602,-0.680613,-0.00780282
3,0.144656,-0.981989,0.12154,-0.922464,0.355922,0.149598,-0.892308,-0.449752,-0.0388478,-0.806399,-0.582481,-0.102159,0.926024,0.373103,0.057223,0.87415,-0.482148,0.0582696,0.752339,-0.655888,0.0616123
2,-0.00622956,-0.999979,0.00203602,-0.618423,-0.785841,-0.00258592,-0.256527,-0.966522,-0.00545453,-0.135966,-0.990701,0.0050113,0.62232,-0.779063,0.0760128,0.243116,-0.96835,0.0564998,0.164368,-0.984489,0.0613553
3,-0.0771377,-0.99676,0.0227815,-0.938044,0.290437,0.188999,-0.865588,-0.499693,-0.0326378,-0.742765,-0.663383,-0.0906827,0.891813,0.44681,0.0709245,0.908791,-0.414791,0.0452398,0.821904,-0.566541,0.0592033
4,-0.0793653,-0.991861,0.0995619,-0.994034,-0.061105,0.090352,-0.88883,-0.457516,-0.0256745,-0.832147,-0.552084,-0.0522877,0.976557,-0.176313,0.123491,0.893378,-0.44306,0.0746533,0.838053,-0.540586,0.0737207
4,0.0398071,-0.99916,0.00970613,-0.995382,-0.0201245,0.0938584,-0.918378,-0.392324,-0.0516054,-0.874118,-0.47929,-0.0787358,0.985867,-0.148162,0.0781874,0.872474,-0.488614,0.00678922,0.797099,-0.60384,-0.00319562
7,0.0234929,-0.999489,0.0216648,-0.924271,-0.231,-0.303912,-0.585694,-0.742552,-0.324929,-0.358281,-0.894322,-0.267998,0.981054,-0.166339,-0.0993187,0.720458,-0.676646,-0.151955,0.471284,-0.873789,-0.119931
3,0.0723481,-0.993989,-0.0821689,-0.784905,0.578254,0.222591,-0.987124,-0.150725,-0.0535484,-0.893524,-0.436237,-0.106353,0.851507,0.511691,0.114486,0.980009,-0.188927,0.0623649,0.9056,-0.419504,0.0624856
